dimension,time_boscia,seed,solution_boscia,dual_gap,lb_boscia,rel_gap_boscia,termination_boscia,termination_afw,time_afw,rel_gap_afw,termination_no_ws,time_no_ws,rel_gap_no_ws,termination_ipopt,time_ipopt,solution_ipopt,termination_no_as,time_no_as,rel_gap_no_as,termination_no_ss,time_no_ss,rel_gap_no_ss,termination_pavito,time_pavito,solution_pavito,termination_shot,time_shot,solution_shot,termination_scip,time_scip,solution_scip,optimal_scip,optimal_ipopt,optimal_boscia,optimal_pavito,optimal_shot,rel_gap_scip,rel_gap_ipopt,rel_gap_pavito
20,1.581,1,-2.788680801094718,0.01864180827945905,-2.807322609374177,0.006684812500642262,1,1,2.362,0.007156954821640118,1,2.647,0.0064570175202458375,1,5.216,-2.7886808010956603,1,1.724,0.004366153514617915,1,1.426,0.006561479097807467,1,15.501285076141357,-2.788680625604793,1,9.831553936004639,-2.7886808010947486,1,11.474982,-2.7886805750186174,1,1,1,1,1,0.007,0.007,0.007
20,1.062,3,-1.0930084722455629,0.009767933446556576,-1.1027764056921194,0.008936740834669436,1,1,1.955,3.504327682821643e-6,1,9.306,0.009366626015002053,1,0.311,-1.0930085078854548,1,2.226,3.5937088059627542e-6,1,1.028,0.0089907303731234,1,34.48620820045471,-1.0930081565247134,1,26.754017114639282,-1.0930084722335707,1,6.681652,-1.0930081733746682,1,1,1,1,1,0.009,0.009,0.009
20,1.367,4,-0.9606330568487316,1.402659291382946e-6,-0.960634459508023,1.460140561875146e-6,1,1,1.536,0.003422677552678471,1,1.512,1.460140561875146e-6,1,0.213,-0.9606330683055678,1,1.686,1.460140561875146e-6,1,1.166,1.460140561875146e-6,0,8.611985921859741,-0.643816883710821,1,14.988726139068604,-0.9606330568392063,1,1.433983,-0.9606325786277106,1,1,1,0,1,0.0,0.0,0.492
20,4.391,5,-0.6133478018418748,0.0009651994456225665,-0.6143130012874973,0.0015736576257778805,1,1,6.505,0.002331079103360278,1,10.723,0.002511126583105877,1,0.223,-0.6133478714558604,1,4.772,0.0016072457606689354,1,4.077,0.001069995106382474,0,9.767294883728027,-0.1886290127963584,1,27.50935411453247,-0.6133478018441698,1,4.064802,-0.6133474120630069,1,1,1,0,1,0.002,0.002,2.257
20,0.507,6,0.16297348338544582,0.0006554019629042562,0.16231808142254156,0.004037763120167331,1,1,0.603,0.0056866983263170875,1,0.829,0.003254624296606283,1,0.104,0.16297346246823602,1,0.726,0.004136901210996914,1,0.521,0.004014952820314202,1,7.698803901672363,0.16297384442832774,1,12.306498050689697,0.16297348340972206,1,1.045884,0.16297352340630034,1,1,1,1,1,0.004,0.004,0.004
20,0.402,7,-1.809585966009454,0.011802078990915232,-1.8213880450003692,0.006521977520051995,1,1,0.49,0.0054808677222621255,1,0.541,0.0065480301025774455,1,0.094,-1.8095859945333705,1,0.534,0.0065480301025774455,1,0.406,0.004718073673851405,1,7.715452194213867,-1.8095856741626855,1,9.16897201538086,-1.8095859659900877,1,2.571195,-1.8095856112971163,1,1,1,1,1,0.007,0.007,0.007
20,0.676,8,-4.583566352912145,0.02873877711445516,-4.6123051300266,0.006269959874410049,1,1,0.767,0.006485643813972552,1,0.859,0.006588326880979401,1,0.152,-4.583566405742001,1,0.871,0.006588326880979401,1,0.617,0.006269959874410049,1,11.518038034439087,-4.583566107903615,1,8.285829067230225,-4.583566352912303,1,7.209894,-4.583566201604261,1,1,1,1,1,0.006,0.006,0.006
20,1.478,9,-0.12499674696557123,3.008747845312243e-8,-0.12499677705304968,2.407060918266109e-7,1,1,1.082,7.476643380947146e-7,1,1.203,2.407060918266109e-7,1,0.088,-0.12499673781731563,1,1.071,2.407060918266109e-7,1,0.763,2.407060918266109e-7,1,10.700001955032349,-0.12499609804119388,1,57.16354584693909,-0.12499351720244478,1,2.461392,-0.12499643216414741,1,1,1,1,1,0.0,0.0,0.0
20,0.833,10,-0.06546891747606043,5.661448343463604e-8,-0.06546897409054386,8.647536207596204e-7,1,1,1.492,8.886681573850609e-7,1,6.643,8.647536207596204e-7,1,0.107,-0.0654689241188135,1,1.171,8.647536207596204e-7,1,0.85,8.647536207596204e-7,0,8.967144966125488,-0.06546874729813257,1,31.625636100769043,-0.06546727075492664,1,4.564236,-0.06546878414305146,1,1,1,1,1,0.0,0.0,0.0
25,0.679,1,-0.056754710159236055,6.561672183380551e-8,-0.05675477577595789,1.1561458361729875e-6,1,1,0.795,1.289150716356268e-6,1,2.13,1.1561458361729875e-6,1,0.118,-0.05675472196237932,1,1.257,1.1561458361729875e-6,1,0.716,1.1561458361729875e-6,0,8.296436071395874,-0.056754535156572083,1,97.40761113166809,-0.05675471015962996,1,4.8027999999999995,-0.0567543516213731,1,1,1,1,1,0.0,0.0,0.0
25,0.819,2,-0.05242252403556785,6.919341394295841e-8,-0.052422593228981795,1.3199176349466077e-6,1,1,0.929,1.8467779383900441e-6,1,1.763,1.7434434056707795e-6,1,0.103,-0.05242254708296364,1,1.432,1.7434434056707795e-6,1,0.792,1.3199176349466077e-6,0,12.10892915725708,-0.052422429143102744,1,77.21796202659607,-0.0524225240100884,1,5.067113,-0.05242230995540542,1,1,1,1,1,0.0,0.0,0.0
25,1.201,3,-0.3257666873980312,3.56118259881022e-8,-0.3257667230098572,1.0931696630045734e-7,1,1,1.353,1.960070657229823e-7,1,2.118,1.0931696630045734e-7,1,0.123,-0.3257666980146758,1,1.74,1.0931696630045734e-7,1,1.309,1.0931696630045734e-7,1,7.568922996520996,-0.32576633483840095,1,32.486000061035156,-0.3257666873872638,1,7.079324,-0.32576664250039766,1,1,1,1,1,0.0,0.0,0.0
25,1.353,4,-0.037834835755681195,7.808453078572697e-8,-0.03783491384021198,2.0638263448520977e-6,1,1,1.343,3.312558692576774e-6,1,2.492,2.0638263448520977e-6,1,0.137,-0.03783485352467451,1,2.201,2.0638263448520977e-6,1,1.311,2.0638263448520977e-6,0,10.817753791809082,-0.0378345834324878,1,99.5471260547638,-0.037829829117190295,1,10.584679,-0.03783447891581515,1,1,1,1,1,0.0,0.0,0.0
25,10.894,5,-8.811578502600085,0.053683740835865024,-8.86526224343595,0.006092409075175832,1,1,24.276,0.0040605451366710855,1,12.627,0.0059485934257995626,1,1.037,-8.81157868168202,1,18.786,0.006054305787141264,1,10.0,0.0060136004402150285,1,418.33943009376526,-8.811578058964486,1,17.030846118927002,-8.811578503390269,1,68.710618,-8.811578216278093,1,1,1,1,1,0.006,0.006,0.006
25,2.588,6,-3.5946033711915666,0.016289511194718997,-3.6108928823862856,0.00453165746331541,1,1,4.852,0.004596361797187956,1,3.309,0.004527299852493306,1,0.247,-3.594603577622084,1,3.33,0.00451077918347688,1,2.477,0.004409403349695073,1,17.715687036514282,-3.5946030469959247,1,17.81372308731079,-3.5946033711918153,1,27.458526,-3.594603104720272,1,1,1,1,1,0.005,0.005,0.005
25,2.227,8,-0.864354986409587,0.00010446858558266214,-0.8644594549951696,0.00012086305652797867,1,1,2.305,0.0003079943181228979,1,2.36,0.00012086305652797867,1,0.122,-0.8643550364001742,1,2.4,0.00012086305652797867,1,1.869,0.00882039886796657,1,12.755503177642822,-0.8643548966325021,1,59.69978880882263,-0.8643503050421497,1,8.883605,-0.8643547378583163,1,1,1,1,1,0.0,0.0,0.0
25,7.775,9,-6.706877953427845,0.046498292775141614,-6.753376246202986,0.006932926631142381,1,1,6.851,0.006866965776356542,1,3.11,0.006880943520730396,1,0.431,-6.706878087227284,1,3.204,0.006699857352164526,1,2.889,0.006752890486548479,1,30.660918951034546,-6.706877472061321,1,14.379738092422485,-6.706877953414611,1,16.656595,-6.706877594059943,1,1,1,1,1,0.007,0.007,0.007
30,2.203,1,-0.20202033795867702,0.001631795144581366,-0.2036521331032584,0.008077380530445145,1,1,3.076,0.007346854596146085,1,4.298,0.007402458505967597,1,0.203,-0.20202034192664428,1,3.68,0.008330586639885123,1,2.599,0.008622033195905935,0,8.93566608428955,-0.20201990004058262,1,160.6406970024109,-0.20201708243408806,1,67.713434,-0.2020199615399998,1,1,1,1,1,0.008,0.008,0.008
30,2.293,2,-0.4074096577413478,1.4167644593610085e-6,-0.40741107450580716,3.4774935557872068e-6,1,1,4.33,0.008902559747765758,1,3.98,3.4774935557872068e-6,1,0.197,-0.40740965338034163,1,3.78,0.009162897342829551,1,2.258,3.4774935557872068e-6,1,8.353474140167236,-0.4074093789853941,1,149.91217184066772,-0.4074096577267618,1,32.65584,-0.40740925823955765,1,1,1,1,1,0.0,0.0,0.0
30,1.344,3,-0.3347694613150489,0.0010684962976333923,-0.3358379576126823,0.003191737661601811,1,1,2.032,4.119131171804838e-6,1,2.76,0.0016270040733965816,1,0.173,-0.33476946163721,1,2.224,0.0018006317260386702,1,1.32,0.002359482741835455,1,9.728081941604614,-0.33476917159252995,1,214.25378704071045,-0.334769461297642,1,14.826258,-0.3347691117594722,1,1,1,1,1,0.003,0.003,0.003
30,2.111,5,-0.22151766659027422,5.414193737784956e-8,-0.2215177207322116,2.4441363170366054e-7,1,1,3.034,3.9263739236906387e-7,1,3.375,2.4441363170366054e-7,1,0.208,-0.22151767232669162,1,3.173,2.4441363170366054e-7,1,1.969,2.4441363170366054e-7,0,9.895738124847412,-0.22151749309333268,1,113.1281909942627,-0.22151766658712657,1,123.328822,-0.22151736210318534,1,1,1,1,1,0.0,0.0,0.0
30,8.018,6,-0.6400503748375294,0.0030963941488266755,-0.643146768986356,0.0048377350761065726,1,1,10.51,0.004698322608631593,1,11.323,0.00466414060662836,1,0.283,-0.6400503888295891,1,9.491,0.004670859791152021,1,9.575,0.005013224528442687,1,25.380327939987183,-0.6400499936571498,1,77.72873306274414,-0.6400503748539523,1,118.265224,-0.6400500678116622,1,1,1,1,1,0.005,0.005,0.005
30,2.523,7,-0.03311454345697207,7.819192771041372e-8,-0.03311462164889978,2.3612564011946506e-6,1,1,2.414,4.067773532218071e-6,1,4.229,2.3612564011946506e-6,1,0.184,-0.03311456889608641,1,3.557,2.3612564011946506e-6,1,2.514,2.3612564011946506e-6,0,23.32378888130188,-0.033114038616888886,1,144.96623301506042,-0.033114543332046664,1,151.682251,-0.033114050245198534,1,1,1,1,1,0.0,0.0,0.0
30,1.25,8,-0.05118131331472758,7.936364865290813e-8,-0.051181392678376236,1.5506372055144389e-6,1,1,1.332,1.834106268645192e-6,1,3.04,1.5506372055144389e-6,1,0.175,-0.05118132463921282,1,2.557,1.5506372055144389e-6,1,1.267,1.5506372055144389e-6,0,13.096123933792114,-0.051181057873669056,1,114.65458106994629,-0.05118131328946468,1,64.323163,-0.05118105681814006,1,1,1,1,1,0.0,0.0,0.0
30,1.014,9,0.14911540707074422,0.0009178963681336638,0.14819751070261056,0.0061937367488959765,1,1,1.03,0.006712315096459192,1,10.693,0.005947972351240594,1,0.187,0.14911539537777418,1,10.55,0.005779112656268624,1,1.0,0.00604592630081231,1,12.970348119735718,0.14911616493172264,1,112.88368487358093,0.14911540708707371,1,17.166313,0.14911573930682642,1,1,1,1,1,0.006,0.006,0.006
35,2.11,1,-0.12485151528748462,9.296142511328043e-8,-0.12485160824890973,7.445758659734832e-7,1,1,3.583,9.84515377908439e-7,1,4.497,7.445758659734832e-7,1,0.205,-0.12485151335468178,1,10.795,7.445758659734832e-7,1,2.153,7.445758659734832e-7,1,14.513015985488892,-0.12485152525768539,1,473.64092803001404,-0.12484093196382101,1,983.632655,-0.12485128319065575,1,1,1,1,1,0.0,0.0,0.0
35,3.362,3,-0.3413141329711157,0.0029108182975095542,-0.34422495126862523,0.0085282677050935,1,1,2.889,0.008938505501335741,1,4.511,0.008383876379380718,1,0.221,-0.3413141490849307,1,4.147,0.009138173195596165,1,3.398,0.00920090982930313,1,14.726958990097046,-0.3413137423390182,1,860.3775019645691,-0.34131413297165336,1,54.397601,-0.34131386418502285,1,1,1,1,1,0.009,0.009,0.009
35,1.78,4,-0.21623391227369942,0.0013883585383588637,-0.2176222708120583,0.006420632747936134,1,1,1.993,0.007114167154802442,1,4.288,0.0073282282889728535,1,0.224,-0.2162339253066785,1,3.474,0.007383824133297162,1,1.775,0.005994647214449676,0,11.450263023376465,-0.21623356828697127,1,539.9814419746399,-0.21622947883959032,1,72.809412,-0.21623351680830782,1,1,1,1,1,0.006,0.006,0.006
35,16.223,5,-1.476281671006701,0.005200888435671125,-1.4814825594423722,0.003522964850010332,1,1,21.573,0.007902597924945975,1,19.893,0.0031195700186573785,1,1.002,-1.4762816788776154,1,26.626,0.009392675875276583,1,16.876,0.004384860211588397,0,41.237558126449585,-1.4762811635638315,1,74.3345398902893,-1.4762816710014035,1,318.672575,-1.4762813437554336,1,1,1,1,1,0.004,0.004,0.004
35,21.348,6,-1.4181434416258618,0.003921365996657045,-1.4220648076225189,0.0027651405926619865,1,1,20.311,0.0028699218694761214,1,51.286,0.0033503784327116215,1,0.409,-1.4181436549232438,1,26.232,0.0031616371227699007,1,15.379,0.002730159867684954,1,82.73564291000366,-1.418142966804533,1,81.13425803184509,-1.418143445025688,1,321.936421,-1.4181430995734425,1,1,1,1,1,0.003,0.003,0.003
35,1.53,7,0.2729285836553367,7.561179460324752e-8,0.2729285080435421,2.7703883022430427e-7,1,1,1.625,3.9357845618004624e-7,1,3.77,2.7703883022430427e-7,1,0.258,0.2729285723231617,1,3.313,2.7703883022430427e-7,1,1.476,2.7703883022430427e-7,1,9.110472917556763,0.2729288389022674,1,436.38106203079224,0.27292858365697636,1,133.060198,0.2729290043430511,1,1,1,1,1,0.0,0.0,0.0
35,2.765,8,-0.22847670991425528,0.0021903380178054377,-0.23066704793206072,0.009586701500680077,1,1,3.888,4.1854910448246476e-7,1,5.514,2.782646823547516e-7,1,0.259,-0.22847673313014752,1,4.563,0.009519527795756145,1,3.031,0.009464441661481115,1,12.913354873657227,-0.22847627123234288,1,325.61941599845886,-0.2284767098871483,1,86.613941,-0.22847634681145218,1,1,1,1,1,0.01,0.01,0.01
35,3.118,9,-0.652958156787355,2.5639499572349678e-6,-0.6529607207373123,3.92666808827377e-6,1,1,3.619,1.0817935980188743e-5,1,4.62,3.92666808827377e-6,1,0.202,-0.6529581686676833,1,4.127,3.92666808827377e-6,1,3.2,3.92666808827377e-6,1,13.845409154891968,-0.6529579036501746,1,338.55707597732544,-0.6529581567927951,1,106.099918,-0.6529578604668735,1,1,1,1,1,0.0,0.0,0.0
35,3.612,10,-0.34025731971304984,1.1581125285986538e-6,-0.34025847782557844,3.403637369433604e-6,1,1,4.227,4.714740766505264e-6,1,5.588,3.403637369433604e-6,1,0.273,-0.34025733507028544,1,5.201,3.403637369433604e-6,1,3.262,3.403637369433604e-6,1,15.876641988754272,-0.3402564686860767,1,252.47127604484558,-0.34025731969986445,1,117.41683,-0.3402568870805915,1,1,1,1,1,0.0,0.0,0.0
40,6.294,1,-0.27787309143304173,0.0011615432456762997,-0.27903463467871803,0.004180121362907115,1,1,7.289,0.004227464019186635,1,9.536,0.003508172541763016,1,0.317,-0.27787309218390155,1,8.993,0.0038790788909743705,1,5.735,0.0038806887840876535,1,46.887044191360474,-0.2778727331040517,1,468.830482006073,-0.2778730914078692,1,671.229838,-0.2778726833365138,1,1,1,1,1,0.004,0.004,0.004
40,5.887,2,-13.670999365923857,0.01471521952079513,-13.685714585444652,0.0010763821376127106,1,1,35.405,0.0021013482445730357,1,9.146,0.007806666448007379,1,0.391,-13.67099949730039,1,9.954,0.0010140606537360189,1,5.861,0.000974733661973673,0,34.785557985305786,-13.127355674068085,1,23.982773065567017,-13.67099936716043,0,1800,Inf,0,1,1,0,1,Inf,0.001,0.043
40,8.142,3,-0.3340617088301927,0.003258212062279553,-0.33731992089247226,0.009753323940325465,1,1,12.176,8.835603553505596e-6,1,13.03,5.438388678854118e-6,1,0.367,-0.3340617137709295,1,12.425,5.438388678854118e-6,1,8.591,0.00988387068955311,0,10.287999868392944,-0.33406153544407724,1,698.8956758975983,-0.33404687552975365,0,1800.007953,10.786190565757575,0,1,1,1,1,Inf,0.01,0.01
40,6.393,4,-0.8097967332495375,4.405280192076866e-6,-0.8098011385297296,5.439982666266679e-6,1,1,8.1,7.720304912162714e-6,1,9.668,5.439982666266679e-6,1,0.349,-0.8097967279964776,1,9.215,5.439982666266679e-6,1,6.52,5.439982666266679e-6,0,23.628074169158936,-0.8097963783242585,1,161.92024207115173,-0.8097967332357261,1,627.094781,-0.8097964072984394,1,1,1,1,1,0.0,0.0,0.0
40,4.105,5,-0.3956576910141443,2.836814178508451e-6,-0.3956605278283228,7.1698699227536015e-6,1,1,7.132,2.100971099742065e-5,1,8.069,7.1698699227536015e-6,1,0.269,-0.39565768408231833,1,6.852,7.1698699227536015e-6,1,4.703,7.1698699227536015e-6,0,19.860522031784058,-0.3956574032473896,1,430.8196909427643,-0.39565769102366566,1,357.049583,-0.3956575028922273,1,1,1,1,1,0.0,0.0,0.0
40,21.188,6,-11.590738450818806,0.08976373903656487,-11.680502189855371,0.007744436596291557,1,1,52.526,0.007209051034554743,1,23.88,0.0077684662192414175,1,1.527,-11.590738498571994,1,23.559,0.007847753761735791,1,22.24,0.007795847858413146,0,1800.0,NaN,1,74.70598292350769,-11.590738450785771,0,1800.000869,-11.103677252754228,0,1,1,0,1,0.052,0.008,Inf
40,3.594,7,-0.10837252528249947,8.456058908645758e-8,-0.10837260984308855,7.802770016296081e-7,1,1,4.358,1.0267293764681813e-6,1,7.845,6.140888394568413e-7,1,0.279,-0.1083725258699523,1,16.02,6.140888394568413e-7,1,3.691,7.802770016296081e-7,1,18.80644392967224,-0.10837354797049709,1,844.6227531433105,-0.10837252528319702,1,662.600424,-0.10837216448152875,1,1,1,1,1,0.0,0.0,-0.0
40,6.301,8,-0.0824560021243973,4.9034328264419e-8,-0.08245605115872556,5.946726375412106e-7,1,1,8.065,1.552810704538793e-6,1,10.96,5.946726375412106e-7,1,0.306,-0.08245600409515319,1,9.583,5.946726375412106e-7,1,6.824,5.946726375412106e-7,0,8.890910863876343,-0.08245516204982906,1,729.0759160518646,-0.08245600208676551,1,826.640502,-0.0824556586785784,1,1,1,1,1,0.0,0.0,0.0
40,2.594,9,-0.19798643454510978,7.56138860413813e-8,-0.19798651015899582,3.8191447921727804e-7,1,1,3.329,7.151915829701368e-7,1,6.959,3.8191447921727804e-7,1,0.254,-0.1979864540563619,1,5.041,3.8191447921727804e-7,1,2.556,3.8191447921727804e-7,1,8.409614086151123,-0.19798574328015195,1,762.1084680557251,-0.19798643451170306,1,156.020891,-0.1979860523823554,1,1,1,1,1,0.0,0.0,0.0
40,22.279,10,-1.91771256210715,0.015444758729401986,-1.933157320836552,0.008053740187440575,1,1,46.084,0.0044568660989004975,1,35.246,0.007047931611245346,1,2.174,-1.917712715272158,1,32.434,0.006391002323333031,1,21.688,0.007799357632395851,0,1800.0,NaN,1,146.21672701835632,-1.9177125621164093,0,1800.000446,-1.0883134358021005,0,1,1,0,1,0.776,0.008,Inf
45,6.319,1,-0.28495672390562066,0.00031828349223328445,-0.28527500739785394,0.0011169537881783825,1,1,7.433,0.001301156885751528,1,12.112,3.0748551687252154e-7,1,0.321,-0.28495673215861284,1,9.721,0.0011667545758412986,1,6.735,0.0011210558619861582,1,46.01031494140625,-0.28495620530299665,0,1801.6531569957733,-0.28495672388980253,0,1800.027671,12.621258179612717,0,1,1,1,1,Inf,0.001,0.001
45,114.996,2,-4.867834624451241,0.042107821271184065,-4.909942445722425,0.00865021606520393,1,1,172.859,0.008001230973915495,1,160.091,0.00836655862809631,1,2.74,-4.8678347202257335,1,215.073,0.004544025779872257,1,94.388,0.007772042159104602,0,1800.0,NaN,1,100.50828719139099,-4.867834624513771,0,1800.000277,-3.911627134514542,0,1,1,0,1,0.255,0.009,Inf
45,2.18,3,0.6020908940492032,8.683533913766972e-5,0.6020040587100656,0.00014424377690033308,1,1,2.668,0.00013778354955512313,1,6.038,0.00023232022502857382,1,0.328,0.6020908450729358,1,5.214,9.072219812322103e-5,1,2.211,0.00015112677317161632,0,15.787940979003906,0.6020918253405854,1,829.542886018753,0.6020908943814101,1,347.75335,0.6020911885899864,1,1,1,1,1,0.0,0.0,0.0
45,3.976,4,-0.2618499135852304,0.0004117018339038214,-0.26226161541913423,0.0015722817253090871,1,1,11.483,0.0018678231264776927,1,9.648,0.001667339775300955,1,0.478,-0.26184990669286556,1,7.335,0.0021942143517094483,1,4.269,0.0016882081561237887,1,9.155587196350098,-0.26184947089981836,1,264.537269115448,-0.26184991357673704,1,287.416725,-0.2618496793674863,1,1,1,1,1,0.002,0.002,0.002
45,11.728,5,-0.20318952160800097,9.505420464628322e-8,-0.2031896166622056,4.6781056372416937e-7,1,1,15.153,5.158934341727797e-7,1,16.143,4.6781056372416937e-7,1,0.579,-0.20318953139537563,1,14.092,4.6781056372416937e-7,1,12.797,3.3001117164475114e-7,0,1104.8666670322418,-0.20318906297655065,0,1801.504290819168,-0.20318952158736936,0,1800.005139,18.68972933016922,0,1,1,1,1,Inf,0.0,0.0
45,7.31,6,-0.3305977415978644,5.588481299945158e-8,-0.3305977974826774,1.6904172644781486e-7,1,1,14.275,2.534493473250017e-7,1,12.574,1.6904172644781486e-7,1,0.348,-0.33059775702235,1,11.264,1.6904172644781486e-7,1,8.293,1.6904172644781486e-7,1,348.01476407051086,-0.33059713874826874,1,1297.7608139514923,-0.3305851150580056,0,1800.004198,8.01899319379029,0,1,1,1,1,Inf,0.0,0.0
45,39.665,7,-0.7504781788953374,0.004100000246524793,-0.7545781791418622,0.0054631838230923225,1,1,53.344,0.006455728032591758,1,66.642,0.005585990159680513,1,0.981,-0.7504783365075691,1,63.252,0.0009189828534904161,1,37.939,0.007395329868779054,0,12.104794979095459,-0.7504777345451363,1,667.1014349460602,-0.7504781790719792,0,1800.006217,3.704972767210865,0,1,1,1,1,Inf,0.005,0.005
45,28.449,8,-0.9219770200052185,0.005931977475078454,-0.927908997480297,0.006433975409761165,1,1,38.442,0.005544682163726516,1,47.184,0.005715193769460239,1,0.751,-0.9219770634857034,1,50.401,0.0057109603144906325,1,28.792,0.0041597244977283725,0,114.34658098220825,-0.9219763275581687,1,348.2133409976959,-0.9219770199766807,0,1800.000568,-0.1919723818710315,0,1,1,1,1,3.834,0.006,0.006
45,7.637,9,-0.3675539000718713,4.816685775788088e-6,-0.36755871675764706,1.31047059352281e-5,1,1,10.87,1.2385879668848181e-5,1,13.456,1.31047059352281e-5,1,0.315,-0.367553905647641,1,12.506,1.31047059352281e-5,1,9.003,1.31047059352281e-5,0,159.6786949634552,-0.3675533399646561,0,1802.4503030776978,-0.3675386195902316,0,1800.005754,9.663764740215719,0,1,1,1,1,Inf,0.0,0.0
45,12.776,10,-0.3488069945610633,6.444675692757196e-5,-0.34887144131799086,0.00018476337324792292,1,1,14.212,2.563578739088082e-5,1,16.192,0.00018476337324792292,1,0.463,-0.34880701907963957,1,16.13,0.00018476337324792292,1,12.497,0.00018476337324792292,0,11.286477088928223,-0.34880662909435817,1,1419.3156180381775,-0.34880699843095364,0,1800.083451,11.631605852160853,0,1,1,1,1,Inf,0.0,0.0
50,5.75,1,-0.19485729597723883,4.520857299628034e-8,-0.19485734118581183,2.3200862338539854e-7,1,1,6.76,3.459639682885555e-7,1,12.67,2.3200862338539854e-7,1,0.347,-0.19485730282634486,1,9.735,2.3200862338539854e-7,1,6.356,2.3200862338539854e-7,1,32.78997087478638,-0.19485672821105027,0,1801.4708459377289,-0.194857295942027,0,1800.075113,6.250476317455222,0,1,1,1,1,Inf,0.0,0.0
50,7.475,2,-0.005755328603615606,9.901932218614462e-8,-0.005755427622937792,1.720480775397235e-5,1,1,8.348,3.033019003941141e-5,1,15.879,1.720480775397235e-5,1,0.425,-0.00575533147230875,1,11.915,1.720480775397235e-5,1,8.28,1.720480775397235e-5,0,1085.3772320747375,-0.005754763662302986,0,1802.8387219905853,-0.005755328549371885,0,1800.002344,59.15349399703917,0,1,1,1,1,Inf,0.0,0.0
50,9.666,3,-0.32036318909805717,0.002202263995373488,-0.32256545309343065,0.006874272919974636,1,1,11.914,0.006628304348772134,1,14.756,0.006555962850434053,1,0.377,-0.3203631980906434,1,14.209,0.0065451337752244765,1,9.734,0.006370712283478696,1,141.42266702651978,-0.3203623729664111,1,416.60679292678833,-0.3203631890479418,0,1800.133859,20.59141927324484,0,1,1,1,1,Inf,0.007,0.007
50,6.921,4,-0.12503670108649545,7.039010568865578e-8,-0.12503677147660114,5.629555568645616e-7,1,1,6.846,1.7634144060958419e-6,1,13.685,7.089334342144649e-7,1,0.364,-0.12503674044827104,1,11.943,4.4705776309994387e-7,1,6.743,5.822376957068479e-7,0,12.083954095840454,-0.12503519597030593,0,1801.4344129562378,-0.12503670104002917,0,1800.007899,17.635625919973187,0,1,1,1,1,Inf,0.0,0.0
50,10.064,5,-0.5112772761538258,0.003146506287763362,-0.5144237824415892,0.0061542071876018335,1,1,12.023,0.006159062717080194,1,17.118,0.006203394937957089,1,0.421,-0.5112772853364564,1,14.382,0.007376027601966513,1,9.92,0.006136606592113283,1,468.36291313171387,-0.5112766667313325,1,303.01271319389343,-0.5112772761542764,0,1800.001526,14.789128529023312,0,1,1,1,1,Inf,0.006,0.006
50,4.787,6,0.07048853132736266,0.0001645537785701645,0.0703239775487925,0.0023399384435556577,1,1,4.922,0.0021924416323443547,1,12.122,0.0012363991500554939,1,0.397,0.07048849741908429,1,9.199,0.0019096704536651682,1,5.211,0.0021487476737957773,0,10.039833068847656,0.07048914164720932,0,1801.8478989601135,0.07048853148164769,0,1800.01909,36.0200149673788,0,1,1,1,1,511.201,0.002,0.002
50,6.0,7,-0.06416483737341239,8.55455688508755e-8,-0.06416492291898124,1.333215704312258e-6,1,1,6.7,1.4539323436376406e-6,1,14.108,1.333215704312258e-6,1,0.397,-0.06416485048022864,1,11.773,1.333215704312258e-6,1,6.166,1.333215704312258e-6,0,9.467643022537231,-0.06416440989585309,0,1802.4507529735565,-0.06416483731913486,0,1800.013303,98.15738306718039,0,1,1,1,1,Inf,0.0,0.0
50,16.727,8,-0.36313472077125813,0.0006985522539902367,-0.36383327302524837,0.0019236724389961627,1,1,15.684,0.002018714711669102,1,39.183,0.015191006705124774,1,0.333,-0.36314447296617647,1,37.272,0.008708338957512234,1,16.809,0.0019045036154775696,0,16.38499689102173,-0.3631444252449553,0,1801.587798833847,-0.36310333825155283,0,1800.001096,114.5277625325527,0,1,1,1,1,Inf,0.002,0.002
50,5.68,9,-0.2416512925507338,0.0004915952073505925,-0.2421428877580844,0.002034316482074615,1,1,6.764,0.002582844817617333,1,12.676,0.0014410882630678766,1,0.354,-0.24165131400010617,1,10.227,0.0013282354290480708,1,6.059,0.0023629334438549743,1,21.031079053878784,-0.24165077323861156,0,1802.104719877243,-0.2416160648363445,1,1170.598048,-0.24165090234658815,1,1,1,1,1,0.002,0.002,0.002
50,250.287,10,-4.515249202028075,0.03783794534465734,-4.553087147372732,0.008380034778072051,1,1,470.321,0.008430663464811281,1,335.954,0.008320468396305528,1,17.34,-4.515249527321791,1,303.902,0.008285916848692058,1,265.184,0.008253922511231799,0,1800.0,NaN,1,501.10210394859314,-4.515249202027627,0,1800.000406,7.446462653617637,0,1,1,0,1,Inf,0.008,Inf
55,11.942,1,-0.3403412575408805,0.0029064973109934056,-0.3432477548518739,0.008539949966672166,1,1,14.075,0.008740422977337608,1,19.436,0.009419789858749536,1,0.415,-0.34034171716868095,1,16.133,0.008030882244188988,1,12.534,0.006304118040999308,1,215.1859679222107,-0.34034073578555774,0,1803.412267923355,-0.3403206561072958,0,1800.000712,56.71976756551296,0,1,1,1,1,Inf,0.009,0.009
55,2.896,2,-0.1708364941058999,8.181906377413561e-8,-0.17083657592496368,4.789319998771268e-7,1,1,6.364,0.0010793622562110055,1,16.868,4.789319998771268e-7,1,0.443,-0.1708365368175227,1,7.774,4.1728231006783527e-7,1,3.251,4.789319998771268e-7,0,9.307196140289307,-0.17083580520655828,0,1801.547131061554,-0.17083649403322715,0,1800.001403,18.073821234334577,0,1,1,1,1,Inf,0.0,0.0
55,22.436,3,-0.3359794165216692,0.0017151677080433636,-0.33769458422971255,0.005104978530530733,1,1,14.284,0.005127767329057541,1,20.12,0.005175190192558542,1,0.509,-0.3359794136558731,1,16.376,0.0051241813584871326,1,14.534,0.005111158415804084,0,358.2427670955658,-0.3359789744235349,0,1802.2170300483704,-0.3359794166039967,0,1800.515639,14.448028388513151,0,1,1,1,1,Inf,0.005,0.005
55,6.172,4,0.08273067488611652,0.0003296005771917798,0.08240107430892474,0.0039999548544245285,1,1,7.315,0.00410782460725479,1,18.282,0.0039520365305899426,1,0.518,0.08273064120094796,1,13.165,1.2013245318326725e-6,1,6.483,0.003972351112152713,0,71.94892811775208,0.08273127473653874,0,1802.126088142395,0.08276691005216308,0,1800.042171,95.55937570433066,0,1,1,1,1,1158.686,0.004,0.004
55,6.537,6,-0.08470986422451032,9.940641343408885e-8,-0.08470996363092376,1.173492772584638e-6,1,1,6.226,0.002559507714254909,1,13.18,0.0013085378309722596,1,0.434,-0.08470990189465574,1,11.926,0.0017900638222238347,1,6.765,0.0014907549448494382,0,30.5378520488739,-0.08471342284684058,0,1801.4209909439087,-0.08468074981588458,0,1800.000727,93.53860675120615,0,1,1,1,1,Inf,0.0,-0.0
55,286.756,7,-2.31754014423038,0.0125086435191335,-2.3300487877495133,0.0053973794371046085,1,1,356.098,0.009493447650739523,1,363.923,0.005149571058163337,1,8.009,-2.317540457816215,1,378.037,0.0021465941607488347,1,241.105,0.0052395323916304025,0,1755.2927780151367,-2.3175394346701887,0,1801.8516240119934,-2.317531202576851,0,1800.005633,20.666399673708014,0,1,1,1,1,Inf,0.005,0.005
55,11.498,8,-0.08091483453388937,0.0003375078712479773,-0.08125234240513735,0.004171149495542992,1,1,9.689,0.005263535021060536,1,16.404,0.004428892782390753,1,0.438,-0.0809148814451593,1,10.769,0.004337197161356399,1,5.719,0.004452761093873294,0,23.039642810821533,-0.08091479834198867,0,1803.1022629737854,-0.08091483447253767,0,1800.000303,48.93857738729856,0,1,1,1,1,Inf,0.004,0.004
55,15.834,9,-0.49296338041169746,4.1053916521482936e-5,-0.49300443432821894,8.327985029475583e-5,1,1,13.521,6.528893480583286e-5,1,16.203,0.003110301979287438,1,0.405,-0.492963378436371,1,12.307,0.009033881502877622,1,8.433,8.327985029475583e-5,1,33.78229904174805,-0.49296301721652264,0,1803.4200811386108,-0.49295416773466694,0,1800.037071,5.709467085412394,0,1,1,1,1,Inf,0.0,0.0
55,15.217,10,-0.4312257162609769,0.0012953715612789019,-0.4325210878222558,0.0030039292937134245,1,1,19.017,0.00300493086317896,1,23.668,0.006589093264752792,1,0.453,-0.4312310349693451,1,17.904,0.006589093264752792,1,13.946,0.004548248438567291,1,72.05348205566406,-0.4312306941125421,0,1802.3816368579865,-0.43123103965056875,0,1800.001007,13.129289142600085,0,1,1,1,1,Inf,0.003,0.003
60,19.986,1,-0.2911992243436194,0.002040427035393755,-0.29323965137901314,0.007006979637370259,1,1,21.176,0.004368070857472971,1,33.011,0.0033031877518164628,1,0.901,-0.29119923977861845,1,26.327,0.001811645991353577,1,21.822,0.0038721947465725592,1,505.50601291656494,-0.29119886187373,0,1803.096713066101,-0.2911423050114391,0,1800.000991,126.17093252268242,0,1,1,1,1,Inf,0.007,0.007
60,9.412,2,-0.0459980552290587,0.00022174189002693856,-0.04621979711908564,0.004820679677058518,1,1,9.056,0.005260980883321003,1,22.885,1.5467421032084613e-6,1,0.573,-0.04599808707273443,1,20.096,1.5467421032084613e-6,1,9.476,0.004902650016056773,0,67.33723998069763,-0.045997517294045664,0,1803.3403248786926,-0.04599805514417987,0,1800.340687,53.81438707760712,0,1,1,1,1,Inf,0.005,0.005
60,1800.2,3,-2.9885458765666932,2.404353913700179,-5.392899790266872,0.8045230065072159,0,0,1800.281,0.8418945218013157,0,1800.307,3.9643920410918607,1,25.44,-2.9885463022415633,0,1800.618,3.7854434186532706,0,1800.276,0.5860803600964762,0,8.2329740524292,-0.29543651459898523,0,1801.8260548114777,-2.9885319467193305,0,1800.008523,25.262336772633194,0,0,1,0,0,Inf,0.805,17.254
60,10.733,4,-0.21329478048900574,0.00014942497716333158,-0.21344420546616907,0.0007005561824848952,1,1,10.72,0.0008358119443196689,1,22.429,3.1352491944620755e-7,1,0.629,-0.21329478570852228,1,18.302,3.1352491944620755e-7,1,10.89,0.0006999016087140338,0,9.286609172821045,-0.21329443756102423,0,1802.2161071300507,-0.21324911777754946,0,1800.39465,53.17142847017449,0,1,1,1,1,Inf,0.001,0.001
60,11.219,5,0.00827779148749419,8.588663447106626e-8,0.00827770560085972,1.0375657049478312e-5,1,1,9.079,1.9737701645334587e-5,1,23.795,1.0375657049478312e-5,1,0.787,0.008277798359715689,1,25.826,1.0375657049478312e-5,1,10.868,1.0375657049478312e-5,0,11.961243867874146,0.008279169560522104,0,1801.8518600463867,0.008277791549169633,0,1800.001472,102.39186768567328,0,1,1,1,1,12368.595,0.0,0.0
60,21.637,6,-0.03267731734952928,1.1561054069630927e-7,-0.032677432960069974,3.537944668458981e-6,1,1,14.319,5.582787995125402e-6,1,23.165,3.537944668458981e-6,1,0.643,-0.032677335035062476,1,17.145,3.537944668458981e-6,1,10.602,3.537944668458981e-6,0,9.373737096786499,-0.0326767300463815,0,1801.5844900608063,-0.0326773172923327,0,1800.000614,79.25052899188634,0,1,1,1,1,Inf,0.0,0.0
60,46.4,7,-1.8377344075878224,0.009563351505033957,-1.8472977590928563,0.005203881184107906,1,1,62.919,0.0021693002346108857,1,67.404,0.005444054581983405,1,3.085,-1.837734470221532,1,61.668,0.005218663006116243,1,46.279,0.005246214769773095,0,1800.0,NaN,1,392.37897300720215,-1.8377344075989837,0,1800.000236,14.362571247938796,0,1,1,0,1,Inf,0.005,Inf
60,10.699,8,-0.32356132995873893,8.602971224291878e-8,-0.3235614159884512,2.6588378856611026e-7,1,1,11.58,0.002657455447763122,1,19.284,2.6588378856611026e-7,1,0.6,-0.3235613530760078,1,17.283,0.0023975824844095334,1,21.855,2.6588378856611026e-7,0,11.82743501663208,-0.32356071861256325,0,1801.788176059723,-0.3235613299343774,0,1800.014567,130.19940921862968,0,1,1,1,1,Inf,0.0,0.0
60,186.4,9,-0.9140703726887224,0.005406875012765711,-0.9194772477014881,0.0059151627427344354,1,1,214.272,0.007390526697759444,1,253.279,0.00718000012601983,1,11.972,-0.9140703635008485,1,258.967,0.006530476151070818,1,183.782,0.00630808983595896,0,9.178180932998657,-0.6708906096110856,0,1801.3599290847778,-0.9140545760019197,0,1800.006328,6.964776251007596,0,1,1,0,1,Inf,0.006,0.371
60,49.351,10,-0.7023379823353925,0.0031714027048111992,-0.7055093850402037,0.004515493657719819,1,1,51.367,0.007399882737987907,1,80.502,0.002729598427975983,1,2.293,-0.7023379951890183,1,96.772,0.004431038514954949,1,56.198,0.0020921166315387273,0,1800.0,NaN,1,964.0503530502319,-0.702337982892581,0,1800.15561,13.781327335809024,0,1,1,0,1,Inf,0.005,Inf
65,15.108,1,-0.3659541774854692,0.0007691110072919338,-0.36672328849276115,0.002101659318597265,1,1,16.246,0.0027853038897097974,1,25.671,0.00652959046804514,1,0.923,-0.36595559705547115,1,20.689,0.00561919715552586,1,15.377,0.0021035981222125807,0,274.57383584976196,-0.36595480812892245,0,1801.6582078933716,-0.3659555987854019,0,1800.419438,83.72055155150423,0,1,1,1,1,Inf,0.002,0.002
65,15.572,2,-0.37508532711395376,0.0006863978098799461,-0.3757717249238337,0.0018299777684223123,1,1,16.102,0.0017764011376778172,1,29.345,0.01127989371986654,1,0.837,-0.37509104550757905,1,22.062,0.01127989371986654,1,16.062,0.0019421471365611027,1,255.87518906593323,-0.37509017302050934,0,1802.1674089431763,-0.37505142694783183,0,1800.074854,100.78084034118655,0,1,1,1,1,Inf,0.002,0.002
65,23.489,3,-0.02747495588958182,1.4748282417542669e-7,-0.027475103372405996,5.367900307761747e-6,1,1,14.913,6.763731014184519e-6,1,196.759,5.367900307761747e-6,1,0.938,-0.027474985837757718,1,134.568,5.367900307761747e-6,1,21.68,5.367900307761747e-6,0,529.5889179706573,-0.027474818123096933,0,1802.1974749565125,-0.02747495578420245,0,1800.000759,160.6593989067116,0,1,1,1,1,Inf,0.0,0.0
65,1800.904,4,-12.80731445862676,0.14070126721023257,-12.948015725836992,0.010986008633172813,0,0,1800.222,0.09004299371432554,0,1800.44,0.08593573859669042,1,47.47,-12.807314638369826,0,1800.224,0.08470585759076185,0,1800.264,0.013048890468777384,0,1800.0,NaN,1,790.6263809204102,-12.807308887642861,0,1800,Inf,0,0,1,0,0,Inf,0.011,Inf
65,8.715,5,-0.023075016416785,8.68134671372367e-8,-0.023075103230252136,3.7622277518332646e-6,1,1,7.524,8.937689891870413e-6,1,23.648,3.7622277518332646e-6,1,0.698,-0.023075036777508363,1,18.602,3.7622277518332646e-6,1,8.222,3.7622277518332646e-6,0,26.207303047180176,-0.023074549547269285,0,1803.2525010108948,-0.023075016370339596,0,1800.007944,105.5201570019209,0,1,1,1,1,Inf,0.0,0.0
65,312.588,6,-1.9065628496494726,0.01671286909650327,-1.923275718745976,0.008765968087323207,1,1,359.643,0.007513348405712049,1,583.199,0.006586906144022224,1,9.744,-1.906563084515306,1,538.353,0.0073406483855042405,1,274.289,0.009097448587869579,0,9.257208824157715,-0.27423892673999894,0,1802.090168952942,-1.9065524542351717,0,1800.107011,27.06937080021949,0,1,1,0,1,Inf,0.009,6.013
65,16.411,7,-0.2586675863539705,0.0011784284280262347,-0.25984601478199676,0.004555763807273589,1,1,18.788,0.0031969477024796143,1,30.663,0.0031518063292420187,1,0.942,-0.25866758216644226,1,23.282,0.0032679629726286193,1,17.65,0.0032385832280598477,1,912.8728139400482,-0.2586670308627744,0,1802.851086139679,-0.25866758631386405,0,1800.014358,277.1999068338577,0,1,1,1,1,Inf,0.005,0.005
65,33.417,8,-0.3869489118960732,0.0014675394602562952,-0.3884164513563295,0.003792592290970047,1,1,28.42,0.007322087789949083,1,69.908,0.003883395628135838,1,1.212,-0.3869496705041828,1,67.57,0.008271425601424666,1,31.091,0.0037090988500849075,0,1297.1823971271515,-0.386949057812531,0,1801.4942648410797,-0.3869099249579985,0,1800.383248,64.1356053889362,0,1,1,1,1,Inf,0.004,0.004
65,15.791,9,-0.24290337753834895,0.0013028864621195402,-0.2442062640004685,0.0053638054576406365,1,1,14.591,0.0028999908782709207,1,31.049,0.0053063800667055,1,1.148,-0.2429033981246352,1,22.137,0.005340451252556045,1,14.755,0.002863537497544424,0,8.38136601448059,-0.24290275542595435,0,1801.5276401042938,-0.24290337751971214,0,1800.012395,61.90965310979557,0,1,1,1,1,Inf,0.005,0.005
65,39.832,10,-0.5383931809208989,0.003955860872399852,-0.5423490417932988,0.007347531530086466,1,1,18.105,0.007617438808033889,1,23.958,0.004166373338619259,1,0.907,-0.5383932223505387,1,21.419,0.008392294359660024,1,20.678,0.007530768174433665,1,632.7542140483856,-0.5383926978033333,1,1612.2121169567108,-0.5383932182626145,0,1800.004272,20.37564131371693,0,1,1,1,1,Inf,0.007,0.007
70,15.798,1,-0.1682315037913356,6.085110451636844e-8,-0.16823156464244013,3.6171051880891784e-7,1,1,15.294,1.1456167003248915e-6,1,29.009,0.0032605053466393833,1,1.188,-0.16823150841051657,1,26.02,0.0032359418317706046,1,13.856,3.6171051880891784e-7,0,11.433528184890747,-0.16823097386458336,0,1804.190129995346,-0.16816234720682338,0,1800,Inf,0,1,1,1,1,Inf,0.0,0.0
70,27.345,2,-0.4591877640774251,0.0006451272585729084,-0.45983289133599803,0.0014049312918192904,1,1,23.748,0.0037710291247738765,1,34.849,0.00660240237748528,1,1.663,-0.45918802559621125,1,30.982,0.0056974417812152905,1,24.873,0.0008205093408191297,0,1650.8500361442566,-0.4591872449621464,0,1802.668830871582,-0.4591880289230542,0,1800.050003,57.388590491854956,0,1,1,1,1,Inf,0.001,0.001
70,18.8,3,-0.19982017071095115,0.0016312874820793022,-0.20145145819303045,0.00816377784222311,1,1,18.871,0.008183757257683052,1,138.122,5.402027049470947e-7,1,1.329,-0.19982016287528498,1,174.131,5.402027049470947e-7,1,26.478,0.008263483015496191,0,1800.0,NaN,0,1803.2745869159698,-0.19982017071463326,0,1800.04429,295.9760073205017,0,1,1,0,1,Inf,0.008,Inf
70,30.274,4,-0.47266342331951333,0.0039967173958456725,-0.476660140715359,0.008455736574192144,1,1,26.822,0.00845107838756967,1,43.82,0.0023739570453944416,1,1.398,-0.47266352053328264,1,35.844,0.0009684144648683549,1,30.242,0.008436766638419378,0,1800.0,NaN,0,1802.1000680923462,-0.4726418175663756,0,1800.007446,98.06756573883774,0,1,1,0,1,Inf,0.008,Inf
70,409.802,5,-0.7150660523006713,0.0050857034587581396,-0.7201517557594295,0.007112214937900171,1,1,217.553,0.0076944566838979935,1,297.38,0.00768415068955631,1,6.338,-0.7150660865612715,1,508.542,0.0017237931980595936,1,267.747,0.007118603050881614,0,1800.0,NaN,0,1801.7096440792084,-0.715054579430372,0,1800.006074,96.54934702017265,0,1,1,0,1,Inf,0.007,Inf
70,50.704,6,-0.7917620987696086,0.005782819320869992,-0.7975449180904786,0.007303733444498597,1,1,48.303,0.007333441359009907,1,61.283,0.007347567216809347,1,2.031,-0.7917620960007294,1,62.268,0.008087845596654332,1,42.309,0.007330505486024088,0,1800.0,NaN,0,1801.9910070896149,-0.7917620990053077,0,1800.001074,84.87181225878845,0,1,1,0,1,Inf,0.007,Inf
70,47.368,7,-1.401203453978604,0.0047033535370260005,-1.40590680751563,0.003356652828446296,1,1,49.325,0.006573391443362049,1,49.198,0.00887402821945783,1,2.747,-1.4012034646274913,1,50.933,0.006592694538958991,1,41.895,0.0033482883005677318,0,1080.103541135788,-1.4012021213645984,0,1801.9534268379211,-1.401193211373562,0,1800.00108,15.329470249116204,0,1,1,1,1,Inf,0.003,0.003
70,1800.809,8,-5.652374551488489,1.1188995073777157,-6.771274058866204,0.19795211679365202,0,0,1800.492,0.3683177842868527,0,1800.636,0.8752657885993604,1,30.044,-5.652374853246901,0,1800.119,0.9526152142403526,0,1800.449,0.1992732663209678,0,1800.0,NaN,0,1801.8399782180786,-5.652341542753181,0,1800.001237,55.578655852048506,0,0,1,0,0,Inf,0.198,Inf
70,19.021,9,-0.17251655521789788,8.727600153690673e-8,-0.17251664249389942,5.0589928269013e-7,1,1,19.509,7.465238663877247e-7,1,35.402,0.0024219732797332947,1,1.31,-0.17251657198314985,1,29.065,5.0589928269013e-7,1,19.937,5.0589928269013e-7,0,1800.0,NaN,0,1802.240963935852,-0.17251655518120979,0,1800.004185,1159.2813258809997,0,1,1,0,1,Inf,0.0,Inf
70,17.358,10,-0.04341098500394486,9.526833805173496e-8,-0.04341108027228291,2.194567528082528e-6,1,1,14.414,3.345957608960533e-6,1,121.869,2.194567528082528e-6,1,1.249,-0.0434110220273278,1,96.393,2.194567528082528e-6,1,13.721,0.0034381109563586007,0,8.891499042510986,-0.043409927663995374,0,1801.7261190414429,-0.04338140209359853,0,1800.000399,107.7517730159331,0,1,1,1,1,Inf,0.0,0.0
75,14.89,1,-0.09031217240729311,0.000756475473128404,-0.09106864788042152,0.008376229393716978,1,1,15.095,0.008255076019992837,1,38.587,0.008201099935710523,1,1.36,-0.09031217832808734,1,27.798,0.00817151929438325,1,14.809,0.008376626915509208,0,9.591123104095459,-0.09031142099386957,0,1804.3591690063477,-0.09023960224424887,0,1800.056563,679.8151099773937,0,1,1,1,1,Inf,0.008,0.008
75,11.872,2,0.10906859996066287,1.5540361497645705e-7,0.1090684445570479,1.4248265445389542e-6,1,1,15.496,0.00014864813627520879,1,34.704,0.009254705315498893,1,1.265,0.10906853214099793,1,31.848,0.00019839132119521308,1,10.778,1.4248265445389542e-6,0,263.208163022995,0.10906807375371297,0,1801.6890501976013,0.10916241194137322,0,1800.022551,268.38976427048243,0,1,1,1,1,2459.746,0.0,-0.0
75,15.871,3,-0.2444470146132947,0.0010041539264562804,-0.245451168539751,0.004107859235036318,1,1,16.834,0.004143818530697585,1,34.999,0.003538019039091616,1,1.224,-0.24444705668826877,1,26.56,0.004197009585341413,1,16.234,0.004151313549755536,0,155.7015769481659,-0.24444598954386604,0,1801.7346198558807,-0.24444701448552214,0,1800.018752,340.8329906851081,0,1,1,1,1,Inf,0.004,0.004
75,17.425,4,-0.12884068350846511,1.2145618533132563e-7,-0.12884080496465045,9.426850434501591e-7,1,1,16.02,2.3829228472319736e-6,1,51.118,0.00640659198224356,1,1.419,-0.12884067802597815,1,43.731,9.426850434501591e-7,1,19.749,9.426850434501591e-7,0,467.193647146225,-0.12884000250733674,0,1801.601763010025,-0.12871616957341053,0,1943.146575,659.3238839414967,0,1,1,1,1,Inf,0.0,0.0
75,28.584,5,-0.2862748614547632,0.0003299552056522659,-0.2866048166604155,0.0011525818368246944,1,1,36.073,0.0011352257638358053,1,70.986,0.0054042064752308815,1,1.409,-0.28627488507461574,1,53.983,0.005014101418298915,1,34.999,0.0011338752868630681,0,1800.0,NaN,0,1801.2504131793976,-0.2862748613998022,0,1800,Inf,0,1,1,0,1,Inf,0.001,Inf
75,364.36,6,-1.1772175500277722,0.008752094354236961,-1.1859696443820091,0.007434559868760441,1,1,388.279,0.005662690699249465,1,999.86,0.006582499609622164,1,8.133,-1.1772183197780355,1,971.428,0.007909631903545078,1,432.528,0.007466346167850363,0,1800.0,NaN,0,1801.9056119918823,-1.1771951732561508,0,1800,Inf,0,1,1,0,1,Inf,0.007,Inf
75,1809.815,7,-17.84847701144653,1.2051672081632638,-19.053644219609794,0.06752213129391206,0,0,1800.797,0.08995851549592411,0,1800.526,0.1365022619518217,1,83.75,-17.84883190927413,0,1800.724,0.14288523066398984,0,1800.312,0.052238595315905564,0,1800.0,NaN,1,1528.472867012024,-17.848477011452083,0,1800,Inf,0,0,1,0,0,Inf,0.068,Inf
75,31.387,8,-0.38481952398225633,0.003377015342292844,-0.3881965393245492,0.008775582141327514,1,1,29.331,0.0043443402908755315,1,85.089,0.029154766246515317,1,1.366,-0.38481956229432174,1,59.169,0.029154766246515317,1,37.621,0.002333820673737619,1,1656.5696139335632,-0.38481805327510465,0,1803.7513868808746,-0.38477125070530555,0,1800,Inf,0,1,1,1,1,Inf,0.009,0.009
75,13.473,9,0.022928429257961236,1.2614946298672436e-7,0.02292830310849825,5.501910123473889e-6,1,1,14.383,1.0868745826021166e-5,1,41.549,5.501910123473889e-6,1,1.437,0.022928419106305095,1,30.535,5.501910123473889e-6,1,13.175,5.501910123473889e-6,0,260.9310381412506,0.022929205038312306,0,1802.3601970672607,0.02292842932708683,0,1800,Inf,0,1,1,1,1,Inf,0.0,0.0
75,35.006,10,-0.2780628911527608,0.0010652294685188357,-0.2791281206212796,0.0038308940258181567,1,1,41.276,0.005595288645469462,1,146.739,0.029450988436124138,1,1.493,-0.2781479183371008,1,285.42,0.027323863913343037,1,34.815,0.004234598892335529,0,1800.0,NaN,0,1803.357980966568,-0.27814792718916825,0,1800,Inf,0,1,1,0,1,Inf,0.004,Inf
80,17.672,1,-0.1585362279215023,0.0003266709154591263,-0.15886289883696142,0.002060544266392375,1,1,29.315,0.0003507157867083991,1,49.979,7.060412634402757e-7,1,1.699,-0.1585362549778981,1,40.125,0.0020734450528268346,1,21.24,0.00034080189151955995,0,647.9559860229492,-0.15853523934449903,0,1803.9724020957947,-0.15853622784412252,0,1800,Inf,0,1,1,1,1,Inf,0.002,0.002
80,18.354,2,-0.04864378500172917,0.0002438808499455325,-0.0488876658516747,0.005013607595232631,1,1,26.837,4.722108398818639e-6,1,45.948,3.604449896312784e-6,1,1.613,-0.048643811329125784,1,36.696,3.604449896312784e-6,1,16.555,3.604449896312784e-6,0,11.485311031341553,-0.048643493344724176,0,1801.3521611690521,-0.048643784996753814,0,1800,Inf,0,1,1,1,1,Inf,0.005,0.005
80,33.686,3,-0.233132719406399,0.001181339291343425,-0.23431405869774244,0.005067239357698668,1,1,41.751,0.0036570877889734394,1,103.26,0.004235149990037998,1,1.716,-0.23313274028268755,1,85.54,0.003619396323922653,1,33.725,0.0077499097217941775,0,1800.0,NaN,0,1802.0245897769928,-0.23313271936949653,0,1800,Inf,0,1,1,0,1,Inf,0.005,Inf
80,28.759,4,-0.3134339677719717,8.333685055544882e-5,-0.31351730462252714,0.0002658832772588251,1,1,36.638,0.0002631116171785402,1,79.189,3.091072725625531e-5,1,1.744,-0.3134340083538771,1,73.884,0.0002333448503358629,1,31.55,4.1082992466372984e-5,0,1800.0,NaN,0,1801.7069890499115,-0.31343396771599275,0,1800,Inf,0,1,1,0,1,Inf,0.0,Inf
80,36.318,5,-0.20237542922796803,0.0004940592772607333,-0.20286948850522876,0.002441300701105344,1,1,30.635,0.002662543296513811,1,49.521,0.004460703939493488,1,1.626,-0.2023754299429969,1,45.654,0.0026272389175958297,1,26.623,0.002476995844436526,0,1800.0,NaN,0,1801.6065790653229,-0.20230842347131328,0,1800,Inf,0,1,1,0,1,Inf,0.002,Inf
80,1800.303,6,-7.667862481791886,0.9994195353011897,-8.667282017093076,0.130338740121437,0,0,1800.144,0.2976762880607487,0,1800.199,0.29634077464738673,1,88.065,-7.667951153312106,0,1801.041,0.25630003625217723,0,1800.531,0.10862450615300062,0,1800.0,NaN,0,1801.0103290081024,-7.667841395246583,0,1800,Inf,0,0,1,0,0,Inf,0.13,Inf
80,19.801,7,-0.24250087730053732,1.729711814185686e-5,-0.24251817441867918,7.132806418848586e-5,1,1,22.719,0.00010389741816368448,1,51.151,4.159005886235664e-5,1,1.651,-0.24250089384947268,1,38.499,0.0007131887042010409,1,20.549,7.102435663105679e-5,0,864.145457983017,-0.2425000760831526,0,1801.4779369831085,-0.24250087725889247,0,1800,Inf,0,1,1,1,1,Inf,0.0,0.0
80,1800.404,8,-1.0281270235224638,1.243657838993635,-2.271784862516099,1.2096344231209306,0,0,1800.573,0.6088809834710714,0,1800.672,26.972064793063808,1,14.271,-1.0310256027170905,0,1800.793,23.884012006232492,0,1800.841,1.0706842293838676,0,1800.0,NaN,0,1800.920777797699,-1.03101350872515,0,1800,Inf,0,0,1,0,0,Inf,1.203,Inf
80,34.255,9,-0.4448237254987304,0.0019230493729329723,-0.44674677487166337,0.0043231717705184795,1,1,39.821,0.016237644705222754,1,55.29,0.01598811521126817,1,1.641,-0.4448692897320566,1,45.748,0.040082489031473365,1,38.995,0.004755840428558853,0,1800.0,NaN,0,1801.061056137085,-0.4448692991759062,0,1800,Inf,0,1,1,0,1,Inf,0.004,Inf
85,41.386,1,-0.4149554067854856,0.0020654832023437875,-0.4170208899878294,0.004977602818443464,1,1,49.691,0.00421493067382572,1,175.533,0.030686701327084384,1,1.911,-0.4150983097791855,1,159.548,0.030686701327084384,1,39.537,0.005570469728257835,0,1800.0,NaN,0,1802.367213010788,-0.4150603999764708,0,1800,Inf,0,1,1,0,1,Inf,0.005,Inf
85,29.841,2,-0.13549719143501282,2.2678487071325915e-5,-0.13551986992208415,0.00016737237747251,1,1,25.947,0.0001310405796214021,1,101.693,7.412930726138633e-7,1,1.888,-0.13549721040631937,1,98.755,0.00013477297979479504,1,40.107,0.00011056397195527664,0,10.428871870040894,-0.13549589925040778,0,1802.8369710445404,-0.1354971913104565,0,1800,Inf,0,1,1,1,1,Inf,0.0,0.0
85,36.806,3,-0.18304094061111553,0.00011338188576745512,-0.183154322496883,0.000619434566872903,1,1,25.585,0.004113553227552179,1,305.09,0.0006099041238516042,1,2.004,-0.18304096119912197,1,353.036,0.0006049199572231418,1,40.632,0.00062180790176744,0,14.885080099105835,-0.18303991211715054,0,1801.7855348587036,-0.18304094050663222,0,1800,Inf,0,1,1,1,1,Inf,0.001,0.001
85,18.111,5,-0.007899813741708672,1.1845904157592457e-7,-0.007899932200750248,1.4995168930438953e-5,1,1,16.501,2.580187995649511e-5,1,56.404,1.4995168930438953e-5,1,1.825,-0.007899849634252165,1,46.913,1.4995168930438953e-5,1,17.538,1.4995168930438953e-5,0,1800.0,NaN,0,1801.3432071208954,-0.007899813527839195,0,1800,Inf,0,1,1,0,1,Inf,0.0,Inf
85,26.296,6,-0.2588669815126186,5.340816873483645e-5,-0.25892038968135345,0.00020631510601607194,1,1,23.144,0.00018582405584136177,1,62.722,0.000276486101320881,1,1.932,-0.258866984782933,1,54.28,0.00027988539109406784,1,26.37,0.00015707346465389563,0,1800.0,NaN,0,1801.9548468589783,-0.25886698145200304,0,1800,Inf,0,1,1,0,1,Inf,0.0,Inf
85,43.936,7,-0.4096092225435564,0.0034976980225694954,-0.4131069205661259,0.00853910954653264,1,1,40.095,0.006037227710187811,1,200.713,0.08041021564984688,1,1.944,-0.40972222713892154,1,94.802,0.08041021564984688,1,49.614,0.0009034458892196063,0,1800.0,NaN,0,1801.0236489772797,-0.4097222149488271,0,1800,Inf,0,1,1,0,1,Inf,0.008,Inf
85,33.547,8,-0.2865066607859622,1.7528787289333714e-5,-0.28652418957325154,6.118108123995336e-5,1,1,33.863,7.335767205747535e-5,1,84.726,0.00028431807738029264,1,1.91,-0.286506698584266,1,56.262,0.000285391546433983,1,37.688,7.089073725766534e-5,0,801.1026401519775,-0.28650509328846413,0,1801.961308002472,-0.286506660721606,0,1800,Inf,0,1,1,1,1,Inf,0.0,0.0
85,20.714,9,-0.0605842689067172,8.634112386163295e-8,-0.06058435524784106,1.4251409717359814e-6,1,1,17.811,3.818704825388589e-6,1,58.188,1.4251409717359814e-6,1,2.022,-0.06058430421454062,1,47.244,1.4251409717359814e-6,1,20.885,0.00011843336716714579,0,1223.7129249572754,-0.06058271170977575,0,1802.5000519752502,-0.060584268749157066,0,1800,Inf,0,1,1,1,1,Inf,0.0,0.0
85,19.208,10,-0.11504132670168749,9.839962808499969e-5,-0.11513972632977248,0.0008553415620819358,1,1,19.397,0.0001080737302253939,1,60.912,0.0007985272848398677,1,1.931,-0.11504137700022907,1,46.687,0.0007962648575649023,1,20.553,0.0008213332421781998,0,10.428290128707886,-0.11503995361072328,0,1801.1705639362335,-0.11495759048778992,0,1800,Inf,0,1,1,1,1,Inf,0.001,0.001
90,284.733,1,-0.7075777613070284,0.005865134055180299,-0.7134428953622087,0.008289031080267842,1,1,161.108,0.0032536874721255265,0,1800.919,4.2577406252744145,1,2.488,-0.7093759577949476,0,1800.39,8.744063277640329,1,238.15,0.007695972862318378,0,1800.0,NaN,0,1801.777225971222,-0.7093759174388433,0,1800,Inf,0,1,1,0,1,Inf,0.006,Inf
90,1800.789,2,-7.526579900940003,0.8763303386264294,-8.402910239566433,0.1164314137576595,0,0,1800.378,0.16362039897099298,0,1800.932,0.27451191381012374,1,165.824,-7.526580197176568,0,1800.523,0.2840702543159303,0,1800.927,0.14833781885134942,0,1800.0,NaN,0,1801.4175448417664,-7.526531598481256,0,1800,Inf,0,0,1,0,0,Inf,0.116,Inf
90,1800.289,3,-0.6934876941974171,2.8760948945904694,-3.5695825887878865,4.1472904546907845,0,0,1800.371,4.1831413898186875,0,1801.02,9.262985630316598,1,119.581,-1.2172784796851261,0,1800.95,8.98256078375686,0,1800.932,4.182836613474231,0,1800.0,NaN,0,1800.8186061382294,-1.2172491503381406,0,1800,Inf,0,0,1,0,0,Inf,1.932,Inf
90,44.143,4,-0.06996316879293529,0.00041054414448638,-0.07037371293742167,0.005868003859308267,1,1,38.437,0.00586176659607426,0,1800.861,99.8931002543606,1,2.503,-0.06996318185312798,1,1200.312,2.0003818993872567e-6,1,57.643,2.0003818993872567e-6,0,9.893083095550537,-0.0699618341955216,0,1801.9750719070435,-0.06996316867660068,0,1800,Inf,0,1,1,1,1,Inf,0.006,0.006
90,46.08,5,-0.4239847218992722,0.0030003214691942115,-0.42698504336846643,0.007076484868968958,1,1,47.64,0.004605506734063682,1,92.484,0.18177772131086833,1,2.671,-0.4247481380884504,1,85.803,0.18177772131086833,1,45.336,0.006919206886971287,0,1800.0,NaN,0,1801.4181520938873,-0.4246884670213395,0,1800,Inf,0,1,1,0,1,Inf,0.005,Inf
90,33.01,6,-0.22414731200727,0.0004782447302656978,-0.2246255567375357,0.0021336179585780017,1,1,33.114,0.0018955904890053808,1,66.718,0.001247925086227602,1,2.525,-0.22414732958068415,1,56.043,0.004772751571720063,1,33.268,0.0012493443408980157,0,1800.0,NaN,0,1801.3607380390167,-0.2240648141027844,0,1800,Inf,0,1,1,0,1,Inf,0.002,Inf
90,22.678,7,-0.11692744352684742,1.1410425726499085e-7,-0.11692755763110468,9.75855229733058e-7,1,1,21.343,0.007892029058329794,1,68.692,0.007866946223662916,1,2.364,-0.11692748240667614,1,57.128,0.0006567133123611529,1,22.823,0.007881459992676608,0,1110.865254163742,-0.11692669576747483,0,1801.3949949741364,-0.11678656014842848,0,1800,Inf,0,1,1,1,1,Inf,0.0,0.0
90,25.276,8,0.05178472211732599,1.3506690773601449e-6,0.05178337144824863,2.608306565573814e-5,1,1,25.6,5.412339211425642e-6,1,1011.926,0.0002589878218984809,1,2.526,0.051784691967878896,1,725.276,4.482227073973849e-6,1,44.721,9.986198158512313e-6,0,12.887428045272827,0.05178522721290457,0,1803.0873551368713,0.051784722263741645,0,1800,Inf,0,1,1,1,1,Inf,0.0,0.0
90,52.653,9,-0.6127158075314868,0.005425444345209418,-0.6181412518766962,0.008854748447028781,1,1,47.742,0.00833143692609822,1,799.237,0.0833934302142819,1,2.717,-0.6144753212663254,1,912.586,0.0833934302142819,1,51.893,0.008267616796935977,0,1800.0,NaN,0,1803.5414590835571,-0.6144752792355744,0,1800,Inf,0,1,1,0,1,Inf,0.006,Inf
90,14.562,10,-0.12216709688372568,0.0001481039683986496,-0.12231520085212433,0.0012123065225951117,1,1,14.164,0.002789679381991134,1,51.842,0.002771315782469858,1,2.313,-0.12216714324801792,1,41.136,0.002791959148509142,1,13.364,0.0029256481443611987,0,1800.0,NaN,0,1801.4867069721222,-0.12206675390968891,0,1800,Inf,0,1,1,0,1,Inf,0.001,Inf
95,1024.459,1,-0.7660865222170857,0.002472318098077353,-0.7685588403151631,0.003227204795252582,1,1,272.589,0.031364894915559764,0,1800.292,10.225575311547638,1,2.578,-0.7662501184298058,0,1800.758,11.007317386631673,1,825.339,0.005531556345039594,0,1800.0,NaN,0,1802.0301039218903,-0.766203368577172,0,1800,Inf,0,1,1,0,1,Inf,0.003,Inf
95,75.182,2,-0.5835028453045544,0.005196667396492161,-0.5886995127010466,0.008905984672242349,1,1,67.951,0.00809229369634784,1,150.673,2.313328920164052,1,3.283,-0.5841788289477939,1,169.222,2.313328920164052,1,71.068,0.008905688476336436,0,1800.0,NaN,0,1802.0416860580444,-0.5841529769176624,0,1800,Inf,0,1,1,0,1,Inf,0.008,Inf
95,23.084,3,-0.03439091801377869,2.2269980415323687e-7,-0.034391140713582846,6.4755411316444755e-6,1,1,29.59,0.003025984593660902,1,69.363,6.4755411316444755e-6,1,2.913,-0.034390955073415996,1,56.8,6.4755411316444755e-6,1,25.107,6.4755411316444755e-6,0,10.142278909683228,-0.03439008344322991,0,1801.6491911411285,-0.034273804608598524,0,1800,Inf,0,1,1,1,1,Inf,0.0,0.0
95,540.551,4,-0.09867072017013034,7.662264907110083e-5,-0.09874734281920144,0.0007765489999362149,1,1,76.279,1.1167442976766893e-5,0,1801.027,3117.9305409850294,1,2.862,-0.09867071809660721,0,1800.645,10.74069655045962,1,536.788,0.0009440457001854691,0,1800.0,NaN,0,1801.4923779964447,-0.09855083810683829,0,1800,Inf,0,1,1,0,1,Inf,0.001,Inf
95,65.391,5,-0.22528922329025713,0.0006113456082140756,-0.2259005688984712,0.002713603426234165,1,1,46.174,0.0027181071974700733,1,401.087,5.400144431867512e-7,1,2.842,-0.22528920922634557,1,647.978,0.002400085393795418,1,61.554,0.002710077214365316,0,14.97711706161499,-0.22528799800065374,0,1802.6766741275787,-0.2251651049940699,0,1800,Inf,0,1,1,1,1,Inf,0.003,0.003
95,1800.189,6,-4.804128966743988,2.7076244612906892,-7.511753428034678,0.5636036168125164,0,0,1800.636,0.6300339844239824,0,1801.167,0.7761509328012655,0,1800.065,Inf,0,1801.253,0.6918577670797962,0,1801.372,0.5133809534756569,0,1800.0,NaN,0,1800.8125159740448,-4.935535579378563,0,1800,Inf,0,0,1,0,0,Inf,Inf,Inf
95,1801.227,7,-8.209207233283685,1.5268023958746415,-9.736009629158326,0.18598658219813513,0,0,1800.711,0.2752354958302375,0,1801.221,0.30342159489546144,1,376.554,-8.209207646766346,0,1800.404,0.3189516584402779,0,1801.038,0.1905911796314401,0,1800.0,NaN,0,1801.0880010128021,-8.209207233347787,0,1800,Inf,0,0,1,0,0,Inf,0.186,Inf
95,1800.946,8,1.442926347029676,6.739471234559266,-5.29654488752959,4.67069663564793,0,0,1800.222,4.979381226793644,0,1801.146,17.524423762465332,1,42.305,-1.5082847586470014,0,1800.261,13.379542292528601,0,1800.72,5.0264330816834075,0,9.736637830734253,1.0113907762701184,0,1800.9590990543365,-1.5082547516895204,0,1800,Inf,0,0,1,0,0,Inf,2.512,Inf
95,366.754,9,-0.8188123358339121,0.002390659312012433,-0.8212029951459245,0.002919666946123482,1,1,314.21,0.002047940613065859,1,888.8,0.003481341941219339,1,10.34,-0.8188999567635389,1,873.108,0.006518463330985601,1,390.368,0.0077900748126353645,0,1800.0,NaN,0,1801.5833790302277,-0.8188999540683713,0,1800,Inf,0,1,1,0,1,Inf,0.003,Inf
95,25.712,10,0.09717686306656681,9.00461673459807e-5,0.09708681689922083,0.0009274808900105506,1,1,21.82,0.0009522293904095289,1,64.062,0.005455313735413129,1,2.909,0.09717682953822808,1,188.29,0.0009566674639547192,1,24.708,0.0009423951736736818,0,16.20799994468689,0.09717779699495843,0,1801.7541279792786,0.09717686329569597,0,1800,Inf,0,1,1,1,1,Inf,0.001,0.001
100,861.548,1,-0.8593556265820655,0.008378284582402418,-0.867733911164468,0.009749496393856822,1,1,1356.767,0.009468203189575338,0,1801.88,1.4597147264666583,1,6.309,-0.8615749469338947,0,1800.624,1.500504867011096,1,1333.47,0.009537445134280795,0,1800.0,NaN,0,1801.32901096344,-0.8615318464093198,0,1800,Inf,0,1,1,0,1,Inf,0.007,Inf
100,307.725,2,-0.35364409817478953,0.0016960697891525434,-0.3553401679639421,0.004795979341677735,1,1,133.724,0.0009529677167444965,1,780.371,0.461237234454939,1,3.039,-0.35432342229782315,1,346.94,0.15340493031264418,1,153.079,0.005094257871555114,0,1800.0,NaN,0,1800.942822933197,-0.35425729770048064,0,1800,Inf,0,1,1,0,1,Inf,0.003,Inf
100,1800.963,3,-21.064938237758575,1.5924274764987913,-22.657365714257367,0.0755961141934131,0,0,1802.062,0.12994398600049692,0,1801.0,0.11745774201810408,1,1631.226,-21.23882006837019,0,1800.572,0.11939779053755163,0,1801.636,0.0783144257116149,0,1800.0,NaN,0,1801.3293550014496,-21.23881993027553,0,1800,Inf,0,0,1,0,0,Inf,0.067,Inf
100,1800.327,4,12.109694665244458,57.47113606343473,-45.361441398190266,4.745878211808288,0,0,1801.07,1005.485613549384,0,1800.905,113.28819301888237,1,4.069,-0.4464962653951213,0,1801.759,118.40872780091796,0,1802.79,10.828956719874817,0,1800.0,NaN,0,1802.1425631046295,-0.44641324055836856,0,1800,Inf,0,0,1,0,0,Inf,100.594,Inf
100,84.014,5,-0.21595071533874455,0.00027536020473992173,-0.21622607554348447,0.0012751067034345604,1,1,85.102,0.0005348764384014012,1,315.357,0.00040731452918865306,1,3.941,-0.2159507609874531,1,256.867,1.3920044965628178e-6,1,192.563,0.001274992626341375,0,16.252920150756836,-0.21594936896078382,0,1803.1868560314178,-0.21595071524611187,0,1800,Inf,0,1,1,1,1,Inf,0.001,0.001
100,428.012,7,-0.47008637220700916,0.004299902702811664,-0.4743862749098208,0.009147048195896523,1,1,313.386,0.008331041896134418,0,1802.502,5.785378683394299,1,3.564,-0.4708184902274658,0,1803.676,6.504800006111644,1,443.633,0.0067975000875646315,0,1800.0,NaN,0,1801.7343611717224,-0.47076590051083034,0,1800,Inf,0,1,1,0,1,Inf,0.008,Inf
100,85.551,8,-0.050038777133833756,0.0003319483420411995,-0.050370725475874956,0.0066338220287312415,1,1,75.329,0.006633461809888737,1,263.713,3.636681229686139e-6,1,3.993,-0.05003881973799315,1,247.268,0.006651448590591024,1,87.142,0.006637574538181883,0,10.615904092788696,-0.05003716561252569,0,1805.7214360237122,-0.05003877682273217,0,1800,Inf,0,1,1,1,1,Inf,0.007,0.007
105,93.553,1,-0.06680598685705974,8.96174793707516e-6,-0.06681494860499682,0.00013414588061171832,1,1,79.185,4.167718373610762e-6,1,250.254,2.391015243326541e-6,1,3.858,-0.06680601482012066,1,202.475,0.0076978412833289085,1,108.973,0.00771528630380648,0,14.224170923233032,-0.0668050858295654,0,1801.736095905304,-0.06680598679785027,0,1800,Inf,0,1,1,1,1,Inf,0.0,0.0
105,175.242,2,-0.06683950964645874,0.00036640144227784166,-0.06720591108873658,0.005481809250485041,1,1,105.644,0.005484097213091242,1,810.569,0.006157442611368301,1,4.105,-0.06683955556543898,1,588.436,2.3689161740358175e-6,1,158.734,0.005481143778060717,0,13.86552906036377,-0.06683852281107522,0,1801.3255200386047,-0.06666307945785549,0,1800,Inf,0,1,1,1,1,Inf,0.005,0.005
105,1801.0,4,0.5387547767114631,50.765602414391616,-50.22684763768015,94.22766091144983,0,0,1801.316,49.247511416777066,0,1802.307,3093.382340458112,1,3.843,-0.2027103525352879,0,1803.027,2608.2884029280112,0,1801.642,134.8011667239288,0,10.225184917449951,-0.2027093057775211,0,1801.216679096222,-0.2025633897321033,0,1800,Inf,0,0,1,0,0,Inf,246.776,246.778
105,161.861,6,-0.3586027389699995,0.006669996820815871,-0.3652727357908154,0.018599960613724924,1,1,124.629,0.02155661355487823,1,294.179,4.2111763947711465,1,3.845,-0.35860280389699584,1,346.624,0.47074823374895786,1,154.289,0.0032909104140097165,0,1800.0,NaN,0,1804.3108549118042,-0.35853126273900315,0,1800,Inf,0,0,1,0,0,Inf,0.019,Inf
105,55.943,7,0.006804542823745097,2.601024974291377e-7,0.0068042827212476675,3.822629189362138e-5,1,1,61.184,0.003943355036217027,1,209.162,0.003819686643616519,1,3.701,0.006804504473437788,1,320.964,3.822629189362138e-5,1,58.568,0.003909714184033253,0,582.3701410293579,0.006805257095063633,0,1803.328544139862,0.007027148250064119,0,1800,Inf,0,1,1,1,0,Inf,0.0,0.0
105,113.291,8,-0.03536114872232243,6.207159565230214e-5,-0.035423220317974735,0.0017553614035484713,1,1,82.012,0.0017498246283759655,0,1801.375,24862.198447801868,1,4.058,-0.035361151533442214,0,1803.306,10.635768120655463,0,1800.891,236.4275643891787,0,1800.0,NaN,0,1802.2529020309448,-0.03515054640238635,0,1800,Inf,0,1,1,0,1,Inf,0.002,Inf
105,1800.851,10,0.10705703809774958,100.93339637970183,-100.82633934160408,942.8001948600848,0,1,217.203,3.049719310492662e-6,0,1802.573,6729.403915383171,1,4.034,0.10705702509173692,0,1802.528,12872.145198789916,0,1802.103,524.7355745143999,0,1800.0,NaN,0,1802.8440170288086,0.10705703815604584,0,1800,Inf,0,0,1,0,0,Inf,Inf,Inf
110,232.041,1,-0.31664194821099745,0.007088911566219269,-0.3237308597772167,0.02238778407684475,1,1,131.43,0.004857836559547608,1,455.143,5.991396408902234,1,4.282,-0.31664448909927106,1,438.643,5.991396408902234,1,194.419,0.0017259030351407087,0,14.851598978042603,-0.3166437896035399,0,1802.1413669586182,-0.3165411472743399,0,1800,Inf,0,0,1,0,0,Inf,0.022,0.022
110,153.456,2,-0.3630757249094568,0.0028237287545343492,-0.3658994536639911,0.007777244692518416,1,1,137.863,0.0015651872629828944,1,479.057,0.4283517727994004,1,4.239,-0.36321512131932054,1,613.533,0.62285626801614,1,186.493,0.009129283182155543,0,1800.0,NaN,0,1800.9311408996582,-0.3631552398663102,0,1800,Inf,0,1,1,0,1,Inf,0.007,Inf
110,1802.693,3,-12.197050872052323,3.15088442008388,-15.347935292136203,0.25833166173830185,0,0,1800.448,0.25024229770905526,0,1802.706,0.38420794615332166,0,1800.018,Inf,0,1800.481,0.34603148260632566,0,1800.669,0.25741693860645326,0,1800.0,NaN,0,1800.7567729949951,-12.844024428650894,0,1800,Inf,0,0,1,0,0,Inf,Inf,Inf
110,1802.01,4,7.415035170904036,69.10926793737245,-61.69423276646842,9.320153761178545,0,0,1803.107,11.016454273070288,0,1802.118,124.29710410807279,1,3.811,-0.6985395333477874,0,1802.881,79.0413059128193,0,1802.997,7.516954826219826,0,1800.0,NaN,0,1801.227234840393,-0.6984853850662738,0,1800,Inf,0,0,1,0,0,Inf,87.319,Inf
110,619.395,5,-0.41474590884248963,0.003253587341308428,-0.41799949618379806,0.00784477259917725,1,1,268.067,0.0016738927507700787,0,1802.049,3.9554939832636564,1,4.328,-0.41554330155848956,0,1801.164,2.2720606615589283,1,340.34,0.009304620536755553,0,1800.0,NaN,0,1802.0692329406738,-0.4154899717535731,0,1800,Inf,0,1,1,0,1,Inf,0.006,Inf
110,166.863,6,-0.35159341776508796,0.00284972108573317,-0.3544431388508211,0.008105160511386962,1,1,171.198,0.005848428710802846,1,698.672,0.18513416967653581,1,4.375,-0.3520663180175807,1,688.918,0.18513416967653581,1,160.966,0.009295750717196767,0,1800.0,NaN,0,1803.4843730926514,-0.3519903639613303,0,1800,Inf,0,1,1,0,1,Inf,0.007,Inf
110,1802.854,7,-0.1317027299101846,44.40031785494918,-44.53202058485937,337.12526600798793,0,0,1801.083,110.41991834441085,0,1801.298,8762.865456924008,1,4.414,-0.13170277045991294,0,1801.859,10250.333257975497,0,1801.768,16.119911191229864,0,11.616106033325195,-0.13170153192611317,0,1801.4793651103973,-0.1317027297457979,0,1800,Inf,0,0,1,0,0,Inf,337.125,337.128
115,228.403,2,-0.8694376043246406,0.007525656180908169,-0.8769632605055487,0.008655774886518657,1,1,215.98,0.00930931070391602,1,1251.557,0.09312048022649064,1,3.756,-0.872112516541361,0,1801.884,0.3743869402461477,1,257.755,0.006896746024004952,0,1800.0,NaN,0,1802.2679238319397,-0.8720825351519987,0,1800,Inf,0,1,1,0,1,Inf,0.006,Inf
115,137.15,3,-0.03848443172305793,1.9797277722721773e-7,-0.03848462969583516,5.144230234497718e-6,1,1,151.703,1.0352310705793471e-5,0,1802.945,682.8248522023682,1,4.292,-0.038484467217488584,0,1800.75,614.5195388858184,1,134.397,5.144230234497718e-6,0,15.580841779708862,-0.03848379949272818,0,1803.3224308490753,-0.03829531921806356,0,1800,Inf,0,1,1,1,1,Inf,0.0,0.0
115,1807.941,4,0.05005124134123451,51.789170257730746,-51.73911901638951,1034.722993274983,0,1,211.048,0.0009504411978250055,0,1801.261,41.93116477111422,1,4.575,0.05005116721335434,0,1804.463,36.32056989395084,0,1800.723,992.9156948055875,0,15.057409048080444,0.05005332460212841,0,1801.2684180736542,0.05021782125832053,0,1800,Inf,0,0,1,0,0,Inf,Inf,Inf
115,296.986,5,-0.49515442485422967,0.005799280419408914,-0.5009537052736386,0.011712064213333418,1,1,231.693,0.00957594897714603,0,1800.862,8.046316713109812,1,4.299,-0.49515451204410876,0,1800.842,3.5402584399403936,1,218.909,0.006956860388590664,0,1800.0,NaN,0,1800.3586161136627,-0.4951076630221819,0,1800,Inf,0,0,1,0,0,Inf,0.012,Inf
115,306.598,7,-0.06223874599862378,0.0005063759519460254,-0.0627451219505698,0.008136024333736131,1,1,368.763,2.1463449691749357e-5,0,1801.067,18516.076161455974,1,4.186,-0.062238821371574604,0,1803.095,17.5290348132701,1,421.934,0.0081341006889841,0,1800.0,NaN,0,1802.2500219345093,-0.062238745855407895,0,1800,Inf,0,1,1,0,1,Inf,0.008,Inf
120,1050.89,1,-0.05299430779610781,4.386987364046746e-5,-0.053038177669748277,0.0008278223730981444,1,1,119.9,0.007916022360357267,0,1803.412,1221.136952816023,1,4.913,-0.05299435188281498,0,1802.041,444.6143374114155,1,1789.979,0.0008127722805831347,0,10.52509593963623,-0.05299339460037811,0,1803.2243089675903,-0.052994307628906,0,1800,Inf,0,1,1,1,1,Inf,0.001,0.001
120,1800.624,3,-0.4284712044925829,6.357726499549014,-6.786197704041597,14.838165162296384,0,0,1800.692,0.09140846688474487,0,1802.691,231.99325213590802,1,4.893,-0.4843146979747208,0,1803.11,9.148473561389281,0,1800.591,2.26888932483619,0,1800.0,NaN,0,1801.0077691078186,-0.4842018821022129,0,1800,Inf,0,0,1,0,0,Inf,13.012,Inf
120,1801.973,4,-9.839497878193647,17.378283604319385,-27.217781482513033,1.7661758576962794,0,0,1802.326,1.3911321101237208,0,1801.752,12.037984915732034,0,1800.04,Inf,0,1802.674,6.310961018527303,0,1802.015,1.8502900621556533,0,1800.0,NaN,0,1801.0355219841003,-10.546671196001622,0,1800,Inf,0,0,1,0,0,Inf,Inf,Inf
120,1513.736,5,-0.7600679199889003,0.006031294873016013,-0.7660992148619163,0.007935205149960928,1,1,836.164,0.0008922020879649003,0,1801.598,17.022625287505072,1,4.665,-0.7615336589502605,0,1800.969,4.801671864405606,1,1198.122,0.007150098564070544,0,1800.0,NaN,0,1800.8588581085205,-0.7614896343121832,0,1800,Inf,0,1,1,0,1,Inf,0.006,Inf
120,1425.556,7,-0.6059646782100977,0.005696813838007131,-0.6116614920481048,0.00940123086849619,1,1,399.936,0.006241270265622924,0,1801.243,3.6271327505521063,1,4.64,-0.6073368162571664,0,1801.972,15.998024792621825,1,756.122,0.008321331952356502,0,1800.0,NaN,0,1803.0498621463776,-0.6072809376481645,0,1800,Inf,0,1,1,0,1,Inf,0.007,Inf
120,101.515,8,-0.28327668052639055,0.0001951495422001237,-0.28347183006859067,0.0006889008365866644,1,1,114.663,1.8599115090781343e-5,1,665.22,0.8438464993564474,1,4.341,-0.2832766778271848,1,472.366,0.8438464993564474,1,111.697,1.857083297047541e-5,0,1800.0,NaN,0,1804.1026690006256,-0.2831476081328304,0,1800,Inf,0,1,1,0,1,Inf,0.001,Inf
120,184.95,9,-0.018632801121991838,1.6891805146079797e-5,-0.018649692927137917,0.0009065628423491739,1,1,128.005,0.0009278815998359728,0,1801.354,296.67810805745546,1,4.791,-0.018632864981354934,0,1802.805,419.6604754464903,1,110.525,0.0009020636552394557,0,11.385894060134888,-0.018631920679769376,0,1804.1345648765564,-0.018632800975018182,0,1800,Inf,0,1,1,1,1,Inf,0.001,0.001
120,1802.376,10,-1.5166129014652423,4.939482430007738,-6.45609533147298,3.2569170585556573,0,0,1800.375,11.939651445854185,0,1800.63,21.036014296794065,1,1004.639,-1.5417342616196208,0,1801.336,18.965424547202,0,1800.986,3.3056156348921513,0,831.2934648990631,0.08338725998335406,0,1800.4566669464111,-1.541640557374061,0,1800,Inf,0,0,1,0,0,Inf,3.188,Inf
