seed,num_v,time,lowerBound,upperBound,termination,LMOcalls,localTighteings,globalTightenings,sizeActiveSet,sizeDiscardedSet
3,7,1504.0,-6.89598800071143,-5.729821667573291,Optimal (tolerance reached),32,0,0,7,1
3,7,2719.0,-6.89598800071143,-5.729821667573291,Optimal (tolerance reached),56,1,0,6,2
3,7,2873.0,-6.764628328936518,-5.729821667573291,Optimal (tolerance reached),80,1,0,12,1
3,7,3009.0,-6.764628328936518,-5.729821667573291,Optimal (tolerance reached),101,1,0,8,2
3,7,3170.0,-6.7549961964026455,-5.729821667573291,Optimal (tolerance reached),123,1,0,14,4
3,7,3324.0,-6.7549961964026455,-5.729821667573291,Optimal (tolerance reached),147,1,0,14,2
3,7,3476.0,-6.6392640227849,-5.729821667573291,Optimal (tolerance reached),171,1,0,11,4
3,7,3610.0,-6.6392640227849,-5.729821667573291,Optimal (tolerance reached),192,2,0,11,3
3,7,3790.0,-6.63018580940756,-5.729821667573291,Optimal (tolerance reached),219,2,0,21,2
3,7,3934.0,-6.63018580940756,-5.729821667573291,Optimal (tolerance reached),242,2,0,15,6
3,7,4078.0,-6.605464384433142,-5.729821667573291,Optimal (tolerance reached),265,2,0,10,1
3,7,4231.0,-6.605464384433142,-5.729821667573291,Optimal (tolerance reached),290,2,0,13,3
3,7,4377.0,-6.594345130598303,-5.729821667573291,Optimal (tolerance reached),312,3,0,17,1
3,7,4523.0,-6.594345130598303,-5.729821667573291,Optimal (tolerance reached),335,2,0,16,3
3,7,4679.0,-6.533778358699257,-5.729821667573291,Optimal (tolerance reached),360,3,0,14,2
3,7,4812.0,-6.533778358699257,-5.729822051497852,Optimal (tolerance reached),381,1,0,8,1
3,7,4966.0,-6.525507655437275,-5.729822051497852,Optimal (tolerance reached),405,1,0,15,3
3,7,5107.0,-6.525507655437275,-5.729822051497852,Optimal (tolerance reached),427,1,0,9,2
3,7,5275.0,-6.496728370986179,-5.729822051497852,Optimal (tolerance reached),454,1,0,11,2
3,7,5413.0,-6.496728370986179,-5.729822051497852,Optimal (tolerance reached),476,1,0,6,3
3,7,5560.0,-6.488407726679445,-5.729822051497852,Optimal (tolerance reached),499,3,0,8,1
3,7,5716.0,-6.488407726679445,-5.729822051497852,Optimal (tolerance reached),522,1,0,8,4
3,7,5860.0,-6.455839338586508,-5.729822051497852,Optimal (tolerance reached),545,4,0,5,0
3,7,6007.0,-6.455839338586508,-5.729822051497852,Optimal (tolerance reached),568,1,0,13,7
3,7,6159.0,-6.447232407570785,-5.729822051497852,Optimal (tolerance reached),593,5,0,10,1
3,7,6290.0,-6.447232407570785,-5.729822051497852,Optimal (tolerance reached),613,1,0,11,2
3,7,6441.0,-6.43874306893044,-5.729822051497852,Optimal (tolerance reached),637,5,0,9,2
3,7,6595.0,-6.43874306893044,-5.729822051497852,Optimal (tolerance reached),662,4,0,14,1
3,7,6740.0,-6.4293909935102755,-5.729822051497852,Optimal (tolerance reached),685,0,0,14,7
3,7,6918.0,-6.4293909935102755,-5.729822051497852,Optimal (tolerance reached),713,5,0,16,4
3,7,7054.0,-6.421205888914428,-5.729822051497852,Optimal (tolerance reached),734,0,0,16,9
3,7,7183.0,-6.421205888914428,-5.729822051497852,Optimal (tolerance reached),754,0,0,14,4
3,7,7337.0,-6.412373661465166,-5.729822051497852,Optimal (tolerance reached),779,4,0,8,2
3,7,7493.0,-6.412373661465166,-5.729822051497852,Optimal (tolerance reached),803,0,0,10,1
3,7,7660.0,-6.4032968001708594,-5.729822051497852,Optimal (tolerance reached),830,4,0,4,0
3,7,7831.0,-6.4032968001708594,-5.729822051497852,Optimal (tolerance reached),858,6,0,19,4
3,7,7964.0,-6.394132706258542,-5.729822051497852,Optimal (tolerance reached),879,2,0,17,8
3,7,8144.0,-6.394132706258542,-5.729822051497852,Optimal (tolerance reached),907,6,0,11,4
3,7,8277.0,-6.363045280926155,-5.729822051497852,Optimal (tolerance reached),928,2,0,15,5
3,7,8410.0,-6.363045280926155,-5.729822051497852,Optimal (tolerance reached),949,7,0,14,7
3,7,8561.0,-6.355251783731974,-5.729822051497852,Optimal (tolerance reached),973,4,0,14,5
3,7,8742.0,-6.355251783731974,-5.729822051497852,Optimal (tolerance reached),1001,8,0,13,4
3,7,8894.0,-6.353203754165856,-5.729822051497852,Optimal (tolerance reached),1025,4,0,14,0
3,7,9046.0,-6.353203754165856,-5.729822192648897,Optimal (tolerance reached),1049,4,0,20,8
3,7,9191.0,-6.344129187651823,-5.729822192648897,Optimal (tolerance reached),1072,8,0,15,3
3,7,9300.0,-6.344129187651823,-5.729822192648897,Optimal (tolerance reached),1088,4,0,14,5
3,7,9468.0,-6.3280867291650065,-5.729822192648897,Optimal (tolerance reached),1115,8,0,16,3
3,7,9600.0,-6.3280867291650065,-5.729822192648897,Optimal (tolerance reached),1136,8,0,13,3
3,7,9733.0,-6.326473330127889,-5.729822192648897,Optimal (tolerance reached),1157,4,0,17,0
3,7,9878.0,-6.326473330127889,-5.729822192648897,Optimal (tolerance reached),1179,8,0,16,3
3,7,10022.0,-6.318454106642137,-5.729822192648897,Optimal (tolerance reached),1202,4,0,11,1
3,7,10171.0,-6.318454106642137,-5.729822192648897,Optimal (tolerance reached),1226,8,0,19,1
3,7,10302.0,-6.3179992053815734,-5.729822192648897,Optimal (tolerance reached),1247,4,0,14,0
3,7,10456.0,-6.3179992053815734,-5.729822192648897,Optimal (tolerance reached),1271,8,0,18,2
3,7,10596.0,-6.3173798495224265,-5.729822192648897,Optimal (tolerance reached),1293,4,0,17,6
3,7,10720.0,-6.3173798495224265,-5.729822192648897,Optimal (tolerance reached),1312,2,0,12,8
3,7,10873.0,-6.307585366038274,-5.729822192648897,Optimal (tolerance reached),1337,6,0,16,1
3,7,11022.0,-6.307585366038274,-5.729822192648897,Optimal (tolerance reached),1361,2,0,19,8
3,7,11195.0,-6.291881618745659,-5.729822192648897,Optimal (tolerance reached),1388,6,0,15,3
3,7,11344.0,-6.291881618745659,-5.729822192648897,Optimal (tolerance reached),1412,6,0,15,0
3,7,11477.0,-6.28154186970433,-5.729822192648897,Optimal (tolerance reached),1433,3,0,12,3
3,7,11642.0,-6.28154186970433,-5.729822192648897,Optimal (tolerance reached),1460,5,0,13,1
3,7,11788.0,-6.276495461950702,-5.729822192648897,Optimal (tolerance reached),1482,2,0,15,5
3,7,11923.0,-6.276495461950702,-5.729822192648897,Optimal (tolerance reached),1503,2,0,18,4
3,7,12081.0,-6.273104842381984,-5.729822192648897,Optimal (tolerance reached),1528,5,0,17,2
3,7,12196.0,-6.273104842381984,-5.729822192648897,Optimal (tolerance reached),1546,2,0,11,9
3,7,12364.0,-6.267014109223337,-5.729822192648897,Optimal (tolerance reached),1572,5,0,13,3
3,7,12485.0,-6.267014109223337,-5.729822192648897,Optimal (tolerance reached),1591,2,0,12,1
3,7,12643.0,-6.264402719583053,-5.729822192648897,Optimal (tolerance reached),1617,5,0,11,2
3,7,12774.0,-6.264402719583053,-5.729822192648897,Optimal (tolerance reached),1638,2,0,12,6
3,7,12916.0,-6.250628388414547,-5.729822192648897,Optimal (tolerance reached),1660,5,0,16,6
3,7,13061.0,-6.250628388414547,-5.729822192648897,Optimal (tolerance reached),1684,5,0,7,2
3,7,13219.0,-6.242234575044676,-5.729822192648897,Optimal (tolerance reached),1710,2,0,13,1
3,7,13378.0,-6.242234575044676,-5.729822192648897,Optimal (tolerance reached),1736,5,0,14,1
3,7,13508.0,-6.240576020001556,-5.729822192648897,Optimal (tolerance reached),1756,2,0,14,5
3,7,13645.0,-6.240576020001556,-5.729822192648897,Optimal (tolerance reached),1778,3,0,16,2
3,7,13807.0,-6.240295589397557,-5.729822192648897,Optimal (tolerance reached),1805,5,0,17,2
3,7,13937.0,-6.240295589397557,-5.729822192648897,Optimal (tolerance reached),1826,3,0,13,4
3,7,14072.0,-6.2386788645596125,-5.729822192648897,Optimal (tolerance reached),1848,5,0,9,3
3,7,14227.0,-6.2386788645596125,-5.729822192648897,Optimal (tolerance reached),1872,4,0,11,6
3,7,14368.0,-6.231471320605679,-5.729822192648897,Optimal (tolerance reached),1895,5,0,13,3
3,7,14506.0,-6.231471320605679,-5.729822192648897,Optimal (tolerance reached),1917,4,0,14,5
3,7,14681.0,-6.230341691872927,-5.729822192648897,Optimal (tolerance reached),1946,5,0,10,0
3,7,14831.0,-6.230341691872927,-5.729822192648897,Optimal (tolerance reached),1970,4,0,12,1
3,7,14982.0,-6.228954366486304,-5.729822192648897,Optimal (tolerance reached),1995,5,0,13,2
3,7,15101.0,-6.228954366486304,-5.729822192648897,Optimal (tolerance reached),2014,4,0,19,7
3,7,15252.0,-6.220406510331043,-5.729822192648897,Optimal (tolerance reached),2040,6,0,9,2
3,7,15402.0,-6.220406510331043,-5.729822192648897,Optimal (tolerance reached),2064,4,0,11,3
3,7,15528.0,-6.2145863160565336,-5.729822192648897,Optimal (tolerance reached),2085,5,0,13,2
3,7,15694.0,-6.2145863160565336,-5.729822192648897,Optimal (tolerance reached),2113,5,0,14,2
3,7,15821.0,-6.211369254994341,-5.729822192648897,Optimal (tolerance reached),2134,4,0,16,1
3,7,15951.0,-6.211369254994341,-5.729822192648897,Optimal (tolerance reached),2154,3,0,17,3
3,7,16103.0,-6.205843786023783,-5.729822192648897,Optimal (tolerance reached),2178,5,0,14,1
3,7,16222.0,-6.205843786023783,-5.729822192648897,Optimal (tolerance reached),2198,3,0,11,0
3,7,16366.0,-6.2052264361771785,-5.729822192648897,Optimal (tolerance reached),2222,5,0,17,3
3,7,16507.0,-6.2052264361771785,-5.729822192648897,Optimal (tolerance reached),2246,5,0,11,0
3,7,16653.0,-6.197753117883822,-5.729822192648897,Optimal (tolerance reached),2269,4,0,15,6
3,7,16770.0,-6.197753117883822,-5.729822192648897,Optimal (tolerance reached),2288,2,0,12,5
3,7,16915.0,-6.195564963955562,-5.729822192648897,Optimal (tolerance reached),2313,6,0,12,5
3,7,17034.0,-6.195564963955562,-5.729822192648897,Optimal (tolerance reached),2333,3,0,15,3
3,7,17160.0,-6.194483112580265,-5.729822192648897,Optimal (tolerance reached),2353,5,0,16,1
3,7,17285.0,-6.194483112580265,-5.729822192648897,Optimal (tolerance reached),2374,2,0,12,8
3,7,17423.0,-6.188404112994223,-5.729822192648897,Optimal (tolerance reached),2398,8,0,19,6
3,7,17546.0,-6.188404112994223,-5.729822192648897,Optimal (tolerance reached),2419,2,0,10,1
3,7,17686.0,-6.185141751888985,-5.729822192648897,Optimal (tolerance reached),2443,6,0,10,3
3,7,17821.0,-6.185141751888985,-5.729822192648897,Optimal (tolerance reached),2466,2,0,12,3
3,7,17961.0,-6.184769907821336,-5.729822192648897,Optimal (tolerance reached),2490,8,0,9,2
3,7,18080.0,-6.184769907821336,-5.729822192648897,Optimal (tolerance reached),2510,2,0,15,2
3,7,18233.0,-6.17586898356737,-5.729822192648897,Optimal (tolerance reached),2537,5,0,12,0
3,7,18346.0,-6.17586898356737,-5.729822192648897,Optimal (tolerance reached),2556,2,0,12,3
3,7,18477.0,-6.1643583498301915,-5.729822192648897,Optimal (tolerance reached),2578,6,0,13,2
3,7,18617.0,-6.1643583498301915,-5.729822192648897,Optimal (tolerance reached),2602,2,0,15,3
3,7,18763.0,-6.161070899750187,-5.729822192648897,Optimal (tolerance reached),2627,8,0,11,2
3,7,18921.0,-6.161070899750187,-5.729822192648897,Optimal (tolerance reached),2653,1,0,19,6
3,7,19054.0,-6.160640330339023,-5.729822192648897,Optimal (tolerance reached),2676,8,0,15,3
3,7,19177.0,-6.160640330339023,-5.729822192648897,Optimal (tolerance reached),2697,1,0,10,3
3,7,19324.0,-6.159228051227999,-5.729822192648897,Optimal (tolerance reached),2723,8,0,14,1
3,7,19442.0,-6.159228051227999,-5.729822192648897,Optimal (tolerance reached),2742,0,0,15,2
3,7,19593.0,-6.1554772035873135,-5.729822192648897,Optimal (tolerance reached),2768,7,0,10,8
3,7,19709.0,-6.1554772035873135,-5.729822192648897,Optimal (tolerance reached),2788,2,0,15,4
3,7,19844.0,-6.151260809259834,-5.729822192648897,Optimal (tolerance reached),2812,8,0,16,0
3,7,19972.0,-6.151260809259834,-5.729822192648897,Optimal (tolerance reached),2833,0,0,16,5
3,7,20117.0,-6.151112309770673,-5.729822192648897,Optimal (tolerance reached),2859,7,0,16,4
3,7,20243.0,-6.151112309770673,-5.729822192648897,Optimal (tolerance reached),2881,0,0,15,3
3,7,20383.0,-6.149136890349174,-5.729822192648897,Optimal (tolerance reached),2906,7,0,17,4
3,7,20510.0,-6.149136890349174,-5.729822192648897,Optimal (tolerance reached),2927,1,0,18,10
3,7,20654.0,-6.145018093509091,-5.729822192648897,Optimal (tolerance reached),2953,7,0,13,3
3,7,20760.0,-6.145018093509091,-5.729822192648897,Optimal (tolerance reached),2971,1,0,12,6
3,7,20888.0,-6.140607689163349,-5.729822192648897,Optimal (tolerance reached),2994,8,0,10,6
3,7,21008.0,-6.140607689163349,-5.729822192648897,Optimal (tolerance reached),3016,1,0,9,1
3,7,21150.0,-6.135008386418626,-5.729822192648897,Optimal (tolerance reached),3041,7,0,20,3
3,7,21265.0,-6.135008386418626,-5.729822192648897,Optimal (tolerance reached),3061,0,0,14,2
3,7,21416.0,-6.131860676778085,-5.729822192648897,Optimal (tolerance reached),3088,7,0,9,6
3,7,21527.0,-6.131860676778085,-5.729822192648897,Optimal (tolerance reached),3107,1,0,20,2
3,7,21674.0,-6.12887025354241,-5.729822192648897,Optimal (tolerance reached),3132,7,0,10,3
3,7,21798.0,-6.12887025354241,-5.729822192648897,Optimal (tolerance reached),3154,1,0,12,2
3,7,21944.0,-6.125682780058183,-5.729822192648897,Optimal (tolerance reached),3180,7,0,11,4
3,7,22074.0,-6.125682780058183,-5.729822192648897,Optimal (tolerance reached),3203,1,0,11,0
3,7,22209.0,-6.1206542608876395,-5.729822192648897,Optimal (tolerance reached),3226,8,0,14,4
3,7,22334.0,-6.1206542608876395,-5.729822192648897,Optimal (tolerance reached),3248,1,0,12,4
3,7,22462.0,-6.119106902640059,-5.729822192648897,Optimal (tolerance reached),3272,8,0,8,1
3,7,22576.0,-6.119106902640059,-5.729822192648897,Optimal (tolerance reached),3292,1,0,17,3
3,7,22717.0,-6.118813846303944,-5.729822192648897,Optimal (tolerance reached),3317,7,0,11,2
3,7,22834.0,-6.118813846303944,-5.729822192648897,Optimal (tolerance reached),3338,1,0,13,3
3,7,22978.0,-6.116417394691245,-5.729822192648897,Optimal (tolerance reached),3364,8,0,17,5
3,7,23101.0,-6.116417394691245,-5.729822192648897,Optimal (tolerance reached),3386,1,0,19,4
3,7,23253.0,-6.116019351556368,-5.729822192648897,Optimal (tolerance reached),3412,8,0,14,3
3,7,23383.0,-6.116019351556368,-5.729822192648897,Optimal (tolerance reached),3435,1,0,7,1
3,7,23523.0,-6.111031290540467,-5.729822192648897,Optimal (tolerance reached),3460,9,0,2,2
3,7,23647.0,-6.111031290540467,-5.729822192648897,Optimal (tolerance reached),3482,1,0,14,5
3,7,23791.0,-6.108993740827511,-5.729822192648897,Optimal (tolerance reached),3507,8,0,13,3
3,7,23930.0,-6.108993740827511,-5.729822192648897,Optimal (tolerance reached),3532,1,0,16,2
3,7,24070.0,-6.108763370293973,-5.729822192648897,Optimal (tolerance reached),3557,8,0,9,5
3,7,24184.0,-6.108763370293973,-5.729822192648897,Optimal (tolerance reached),3577,1,0,15,2
3,7,24306.0,-6.10813688649252,-5.729822192648897,Optimal (tolerance reached),3599,8,0,11,2
3,7,24431.0,-6.10813688649252,-5.729822192648897,Optimal (tolerance reached),3620,1,0,13,0
3,7,24563.0,-6.107278522686777,-5.729822192648897,Optimal (tolerance reached),3644,8,0,13,1
3,7,24698.0,-6.107278522686777,-5.729822192648897,Optimal (tolerance reached),3669,1,0,5,1
3,7,24806.0,-6.105736802289904,-5.729822192648897,Optimal (tolerance reached),3689,10,0,7,1
3,7,24928.0,-6.105736802289904,-5.729822192648897,Optimal (tolerance reached),3710,1,0,10,2
3,7,25061.0,-6.099347209291271,-5.729822192648897,Optimal (tolerance reached),3735,8,0,17,7
3,7,25184.0,-6.099347209291271,-5.729822192648897,Optimal (tolerance reached),3757,1,0,10,4
3,7,25326.0,-6.098093512842993,-5.729822192648897,Optimal (tolerance reached),3784,8,0,13,1
3,7,25469.0,-6.098093512842993,-5.729822192648897,Optimal (tolerance reached),3809,1,0,14,1
3,7,25611.0,-6.096380772414034,-5.729822192648897,Optimal (tolerance reached),3836,8,0,14,0
3,7,25740.0,-6.096380772414034,-5.729822192648897,Optimal (tolerance reached),3860,1,0,15,3
3,7,25861.0,-6.085413054074124,-5.729822192648897,Optimal (tolerance reached),3883,8,0,12,1
3,7,25990.0,-6.085413054074124,-5.729822192648897,Optimal (tolerance reached),3905,1,0,14,3
3,7,26131.0,-6.083977314735365,-5.729822192648897,Optimal (tolerance reached),3932,8,0,11,0
3,7,26253.0,-6.083977314735365,-5.729822192648897,Optimal (tolerance reached),3954,1,0,14,5
3,7,26373.0,-6.082878246786882,-5.729822192648897,Optimal (tolerance reached),3977,8,0,11,1
3,7,26472.0,-6.082878246786882,-5.729822192648897,Optimal (tolerance reached),3994,2,0,18,6
3,7,26596.0,-6.082540083935789,-5.729822192648897,Optimal (tolerance reached),4018,9,0,15,0
3,7,26707.0,-6.082540083935789,-5.729822192648897,Optimal (tolerance reached),4040,2,0,8,2
3,7,26822.0,-6.08108656981055,-5.729822192648897,Optimal (tolerance reached),4062,9,0,14,3
3,7,26936.0,-6.08108656981055,-5.729822192648897,Optimal (tolerance reached),4084,2,0,3,1
3,7,27069.0,-6.075490494049578,-5.729822192648897,Optimal (tolerance reached),4109,10,0,4,0
3,7,27186.0,-6.075490494049578,-5.729822192648897,Optimal (tolerance reached),4132,1,0,15,4
3,7,27314.0,-6.075030515639839,-5.729822192648897,Optimal (tolerance reached),4157,9,0,11,1
3,7,27414.0,-6.075030515639839,-5.729822192648897,Optimal (tolerance reached),4176,1,0,16,4
3,7,27563.0,-6.073015278694919,-5.729822192648897,Optimal (tolerance reached),4204,9,0,17,4
3,7,27675.0,-6.073015278694919,-5.729822192648897,Optimal (tolerance reached),4226,2,0,16,8
3,7,27804.0,-6.073009086947167,-5.729822192648897,Optimal (tolerance reached),4252,10,0,10,3
3,7,27914.0,-6.073009086947167,-5.729822192648897,Optimal (tolerance reached),4273,2,0,12,3
3,7,28040.0,-6.072233315569579,-5.729822192648897,Optimal (tolerance reached),4296,10,0,12,1
3,7,28156.0,-6.072233315569579,-5.729822192648897,Optimal (tolerance reached),4318,1,0,11,1
3,7,28296.0,-6.071012247774098,-5.729822192648897,Optimal (tolerance reached),4346,8,0,14,4
3,7,28388.0,-6.071012247774098,-5.729822192648897,Optimal (tolerance reached),4363,1,0,4,7
3,7,28515.0,-6.065460796530299,-5.729822192648897,Optimal (tolerance reached),4389,9,0,6,2
3,7,28633.0,-6.065460796530299,-5.729822192648897,Optimal (tolerance reached),4411,2,0,8,6
3,7,28774.0,-6.063816654895804,-5.729822192648897,Optimal (tolerance reached),4439,9,0,19,3
3,7,28886.0,-6.063816654895804,-5.729822192648897,Optimal (tolerance reached),4461,1,0,8,3
3,7,29020.0,-6.061783820737264,-5.729822192648897,Optimal (tolerance reached),4488,9,0,13,2
3,7,29134.0,-6.061783820737264,-5.729822192648897,Optimal (tolerance reached),4510,1,0,12,0
3,7,29252.0,-6.055923698502335,-5.729822192648897,Optimal (tolerance reached),4533,9,0,18,3
3,7,29373.0,-6.055923698502335,-5.729822192648897,Optimal (tolerance reached),4557,2,0,13,1
3,7,29498.0,-6.053293021766037,-5.729822192648897,Optimal (tolerance reached),4583,10,0,15,3
3,7,29607.0,-6.053293021766037,-5.729822192648897,Optimal (tolerance reached),4601,3,0,14,5
3,7,29739.0,-6.049668782629905,-5.729822192648897,Optimal (tolerance reached),4629,9,0,18,0
3,7,29860.0,-6.049668782629905,-5.729822192648897,Optimal (tolerance reached),4654,1,0,15,1
3,7,29988.0,-6.047775480709907,-5.729822192648897,Optimal (tolerance reached),4680,9,0,15,3
3,7,30131.0,-6.047775480709907,-5.729822192648897,Optimal (tolerance reached),4708,14,0,17,2
3,7,30237.0,-6.045714216107419,-5.729822192648897,Optimal (tolerance reached),4729,2,0,15,8
3,7,30337.0,-6.045714216107419,-5.729822192648897,Optimal (tolerance reached),4750,3,0,12,1
3,7,30457.0,-6.044193860773151,-5.729822192648897,Optimal (tolerance reached),4775,9,0,17,2
3,7,30565.0,-6.044193860773151,-5.729822192648897,Optimal (tolerance reached),4795,2,0,17,5
3,7,30674.0,-6.041906308123742,-5.729822192648897,Optimal (tolerance reached),4818,9,0,13,0
3,7,30786.0,-6.041906308123742,-5.729822192648897,Optimal (tolerance reached),4841,3,0,10,4
3,7,30898.0,-6.0403711555982,-5.729822192648897,Optimal (tolerance reached),4865,9,0,19,1
3,7,31021.0,-6.0403711555982,-5.729822192648897,Optimal (tolerance reached),4889,4,0,2,3
3,7,31143.0,-6.039973929768753,-5.729822192648897,Optimal (tolerance reached),4915,11,0,6,2
3,7,31270.0,-6.039973929768753,-5.729822192648897,Optimal (tolerance reached),4941,3,0,15,3
3,7,31386.0,-6.039606581696229,-5.729822192648897,Optimal (tolerance reached),4966,9,0,13,6
3,7,31497.0,-6.039606581696229,-5.729822192648897,Optimal (tolerance reached),4988,4,0,11,7
3,7,31620.0,-6.038234782557976,-5.729822192648897,Optimal (tolerance reached),5014,9,0,19,2
3,7,31745.0,-6.038234782557976,-5.729822192648897,Optimal (tolerance reached),5041,14,0,21,2
3,7,31852.0,-6.03675844601392,-5.729822192648897,Optimal (tolerance reached),5062,3,0,17,7
3,7,31977.0,-6.03675844601392,-5.729822192648897,Optimal (tolerance reached),5086,5,0,15,6
3,7,32082.0,-6.035941622733447,-5.729822192648897,Optimal (tolerance reached),5108,9,0,9,1
3,7,32198.0,-6.035941622733447,-5.729822192648897,Optimal (tolerance reached),5132,3,0,12,2
3,7,32309.0,-6.032480656899172,-5.729822192648897,Optimal (tolerance reached),5155,9,0,15,2
3,7,32402.0,-6.032480656899172,-5.729822192648897,Optimal (tolerance reached),5174,5,0,11,5
3,7,32524.0,-6.031844276854645,-5.729822192648897,Optimal (tolerance reached),5198,9,0,13,3
3,7,32629.0,-6.031844276854645,-5.729822192648897,Optimal (tolerance reached),5221,2,0,7,0
3,7,32752.0,-6.030703229287457,-5.729822192648897,Optimal (tolerance reached),5246,9,0,12,2
3,7,32849.0,-6.030703229287457,-5.729822192648897,Optimal (tolerance reached),5266,5,0,5,6
3,7,32985.0,-6.029885243699374,-5.729822192648897,Optimal (tolerance reached),5294,12,0,5,3
3,7,33088.0,-6.029885243699374,-5.729822192648897,Optimal (tolerance reached),5315,5,0,16,3
3,7,33203.0,-6.0297345784303085,-5.729822192648897,Optimal (tolerance reached),5340,9,0,9,0
3,7,33302.0,-6.0297345784303085,-5.729822192648897,Optimal (tolerance reached),5360,3,0,13,4
3,7,33428.0,-6.02894221610817,-5.729822192648897,Optimal (tolerance reached),5387,9,0,17,2
3,7,33546.0,-6.02894221610817,-5.729822192648897,Optimal (tolerance reached),5411,4,0,21,2
3,7,33651.0,-6.026180721027983,-5.729822192648897,Optimal (tolerance reached),5433,9,0,13,4
3,7,33753.0,-6.026180721027983,-5.729822192648897,Optimal (tolerance reached),5454,5,0,19,0
3,7,33856.0,-6.022202678892949,-5.729822192648897,Optimal (tolerance reached),5475,9,0,16,3
3,7,33983.0,-6.022202678892949,-5.729822192648897,Optimal (tolerance reached),5500,3,0,15,1
3,7,34108.0,-6.019269616872515,-5.729822192648897,Optimal (tolerance reached),5526,9,0,15,2
3,7,34207.0,-6.019269616872515,-5.729822192648897,Optimal (tolerance reached),5546,5,0,13,3
3,7,34331.0,-6.019237162316865,-5.729822192648897,Optimal (tolerance reached),5572,9,0,14,6
3,7,34444.0,-6.019237162316865,-5.729822192648897,Optimal (tolerance reached),5594,5,0,8,4
3,7,34548.0,-6.017203618715437,-5.729822192648897,Optimal (tolerance reached),5615,9,0,15,6
3,7,34647.0,-6.017203618715437,-5.729822192648897,Optimal (tolerance reached),5635,6,0,16,3
3,7,34774.0,-6.012117406937484,-5.729822192648897,Optimal (tolerance reached),5662,10,0,18,3
3,7,34913.0,-6.012117406937484,-5.729822192648897,Optimal (tolerance reached),5691,13,0,21,2
3,7,34997.0,-6.009352217965548,-5.729822192648897,Optimal (tolerance reached),5708,5,0,20,8
3,7,35115.0,-6.009352217965548,-5.729822192648897,Optimal (tolerance reached),5732,6,0,12,0
3,7,35219.0,-6.009007685210964,-5.729822192648897,Optimal (tolerance reached),5753,9,0,7,2
3,7,35338.0,-6.009007685210964,-5.729822192648897,Optimal (tolerance reached),5778,6,0,13,11
3,7,35474.0,-6.005840466141526,-5.729822192648897,Optimal (tolerance reached),5806,9,0,17,1
3,7,35581.0,-6.005840466141526,-5.729822192648897,Optimal (tolerance reached),5828,6,0,11,3
3,7,35701.0,-6.005040386856221,-5.729822192648897,Optimal (tolerance reached),5853,11,0,16,4
3,7,35815.0,-6.005040386856221,-5.729822192648897,Optimal (tolerance reached),5877,6,0,16,7
3,7,35954.0,-6.004557025785339,-5.729822192648897,Optimal (tolerance reached),5905,11,0,16,3
3,7,36032.0,-6.004557025785339,-5.729822192648897,Optimal (tolerance reached),5920,5,0,9,3
3,7,36158.0,-6.003817942624864,-5.729822192648897,Optimal (tolerance reached),5947,11,0,6,2
3,7,36280.0,-6.003817942624864,-5.729822192648897,Optimal (tolerance reached),5973,5,0,8,3
3,7,36393.0,-6.003702580051476,-5.729822192648897,Optimal (tolerance reached),5995,11,0,5,2
3,7,36514.0,-6.003702580051476,-5.729822192648897,Optimal (tolerance reached),6020,6,0,15,3
3,7,36624.0,-6.0029733290078635,-5.729822192648897,Optimal (tolerance reached),6043,11,0,13,4
3,7,36738.0,-6.0029733290078635,-5.729822192648897,Optimal (tolerance reached),6068,13,0,19,8
3,7,36825.0,-6.000054993190225,-5.729822192648897,Optimal (tolerance reached),6085,5,0,12,3
3,7,36918.0,-6.000054993190225,-5.729822192648897,Optimal (tolerance reached),6103,4,0,14,8
3,7,37025.0,-5.999575922393425,-5.729822192648897,Optimal (tolerance reached),6126,12,0,21,6
3,7,37134.0,-5.999575922393425,-5.729822192648897,Optimal (tolerance reached),6149,6,0,16,0
3,7,37239.0,-5.998617817584164,-5.729822192648897,Optimal (tolerance reached),6171,11,0,10,7
3,7,37348.0,-5.998617817584164,-5.729822192648897,Optimal (tolerance reached),6192,6,0,16,1
3,7,37460.0,-5.996579974820993,-5.729822192648897,Optimal (tolerance reached),6216,11,0,11,4
3,7,37550.0,-5.996579974820993,-5.729822192648897,Optimal (tolerance reached),6234,6,0,13,3
3,7,37654.0,-5.996545673163274,-5.729822192648897,Optimal (tolerance reached),6256,12,0,18,1
3,7,37748.0,-5.996545673163274,-5.729822192648897,Optimal (tolerance reached),6275,6,0,18,5
3,7,37872.0,-5.996440477482181,-5.729822192648897,Optimal (tolerance reached),6300,12,0,16,1
3,7,37962.0,-5.996440477482181,-5.729822192648897,Optimal (tolerance reached),6318,6,0,13,3
3,7,38058.0,-5.995128925292387,-5.729822192648897,Optimal (tolerance reached),6338,9,0,12,0
3,7,38161.0,-5.995128925292387,-5.729822192648897,Optimal (tolerance reached),6359,5,0,5,2
3,7,38289.0,-5.994784775073372,-5.729822192648897,Optimal (tolerance reached),6385,11,0,8,5
3,7,38385.0,-5.994784775073372,-5.729822192648897,Optimal (tolerance reached),6405,5,0,10,2
3,7,38496.0,-5.994337989524072,-5.729822192648897,Optimal (tolerance reached),6428,11,0,12,3
3,7,38591.0,-5.994337989524072,-5.729822192648897,Optimal (tolerance reached),6448,5,0,11,2
3,7,38701.0,-5.99268277396184,-5.729822192648897,Optimal (tolerance reached),6471,11,0,3,1
3,7,38808.0,-5.99268277396184,-5.729822192648897,Optimal (tolerance reached),6492,6,0,15,2
3,7,38914.0,-5.990640753061601,-5.729822192648897,Optimal (tolerance reached),6514,11,0,13,5
3,7,38994.0,-5.990640753061601,-5.729822192648897,Optimal (tolerance reached),6530,3,0,18,5
3,7,39065.0,-5.988635005347758,-5.729822192648897,Optimal (tolerance reached),6545,11,0,13,6
3,7,39166.0,-5.988635005347758,-5.729822192648897,Optimal (tolerance reached),6566,6,0,8,1
3,7,39292.0,-5.986397007190244,-5.729822192648897,Optimal (tolerance reached),6592,11,0,12,1
3,7,39411.0,-5.986397007190244,-5.729822192648897,Optimal (tolerance reached),6617,6,0,12,2
3,7,39535.0,-5.985944280065613,-5.729822192648897,Optimal (tolerance reached),6644,10,0,13,2
3,7,39630.0,-5.985944280065613,-5.729822192648897,Optimal (tolerance reached),6664,5,0,9,5
3,7,39767.0,-5.9836921744793115,-5.729822192648897,Optimal (tolerance reached),6691,11,0,10,3
3,7,39884.0,-5.9836921744793115,-5.729822192648897,Optimal (tolerance reached),6715,6,0,6,1
3,7,40016.0,-5.983591745897365,-5.729822192648897,Optimal (tolerance reached),6743,13,0,23,5
3,7,40129.0,-5.983591745897365,-5.729822192648897,Optimal (tolerance reached),6767,6,0,19,2
3,7,40260.0,-5.9788811234618136,-5.729822192648897,Optimal (tolerance reached),6792,12,0,17,5
3,7,40359.0,-5.9788811234618136,-5.729822192648897,Optimal (tolerance reached),6812,5,0,11,1
3,7,40484.0,-5.976781762705523,-5.729822192648897,Optimal (tolerance reached),6838,11,0,14,2
3,7,40583.0,-5.976781762705523,-5.729822192648897,Optimal (tolerance reached),6859,6,0,16,2
3,7,40683.0,-5.9748802225634465,-5.729822192648897,Optimal (tolerance reached),6880,11,0,13,6
3,7,40791.0,-5.9748802225634465,-5.729822192648897,Optimal (tolerance reached),6901,4,0,13,3
3,7,40900.0,-5.97270354914405,-5.729822192648897,Optimal (tolerance reached),6924,11,0,22,5
3,7,40994.0,-5.97270354914405,-5.729822192648897,Optimal (tolerance reached),6943,5,0,17,6
3,7,41127.0,-5.97185511461546,-5.729822192648897,Optimal (tolerance reached),6972,11,0,13,1
3,7,41234.0,-5.97185511461546,-5.729822192648897,Optimal (tolerance reached),6994,10,0,15,4
3,7,41322.0,-5.969842803930424,-5.729822192648897,Optimal (tolerance reached),7012,3,0,15,8
3,7,41428.0,-5.969842803930424,-5.729822192648897,Optimal (tolerance reached),7033,6,0,13,2
3,7,41534.0,-5.968533674607072,-5.729822192648897,Optimal (tolerance reached),7055,11,0,15,3
3,7,41639.0,-5.968533674607072,-5.729822192648897,Optimal (tolerance reached),7077,4,0,10,1
3,7,41767.0,-5.966276725418208,-5.729822192648897,Optimal (tolerance reached),7103,11,0,22,3
3,7,41872.0,-5.966276725418208,-5.729822192648897,Optimal (tolerance reached),7124,5,0,14,9
3,7,41999.0,-5.964199041719612,-5.729822192648897,Optimal (tolerance reached),7152,10,0,14,2
3,7,42091.0,-5.964199041719612,-5.729822192648897,Optimal (tolerance reached),7170,1,0,12,8
3,7,42156.0,-5.96408450994977,-5.729822192648897,Optimal (tolerance reached),7182,8,0,10,3
3,7,42255.0,-5.96408450994977,-5.729822192648897,Optimal (tolerance reached),7202,6,0,15,4
3,7,42396.0,-5.963614142301294,-5.729822192648897,Optimal (tolerance reached),7233,11,0,22,4
3,7,42515.0,-5.963614142301294,-5.729822192648897,Optimal (tolerance reached),7258,4,0,12,5
3,7,42654.0,-5.963467172673333,-5.729822192648897,Optimal (tolerance reached),7287,9,0,22,5
3,7,42758.0,-5.963467172673333,-5.729822192648897,Optimal (tolerance reached),7309,4,0,2,2
3,7,42892.0,-5.962032779238641,-5.729822192648897,Optimal (tolerance reached),7337,11,0,25,7
3,7,42983.0,-5.962032779238641,-5.729822192648897,Optimal (tolerance reached),7357,9,0,16,7
3,7,43073.0,-5.961118189801315,-5.729822192648897,Optimal (tolerance reached),7375,2,0,16,4
3,7,43168.0,-5.961118189801315,-5.729822192648897,Optimal (tolerance reached),7393,3,0,10,4
3,7,43282.0,-5.960225595014531,-5.729822192648897,Optimal (tolerance reached),7417,10,0,19,7
3,7,43394.0,-5.960225595014531,-5.729822192648897,Optimal (tolerance reached),7440,4,0,14,5
3,7,43483.0,-5.9590709026563236,-5.729822192648897,Optimal (tolerance reached),7458,10,0,21,7
3,7,43595.0,-5.9590709026563236,-5.729822192648897,Optimal (tolerance reached),7479,2,0,8,5
3,7,43723.0,-5.9586894161812225,-5.729822192648897,Optimal (tolerance reached),7507,9,0,21,4
3,7,43822.0,-5.9586894161812225,-5.729822192648897,Optimal (tolerance reached),7527,2,0,10,6
3,7,43933.0,-5.9560345674013355,-5.729822192648897,Optimal (tolerance reached),7550,9,0,23,7
3,7,44031.0,-5.9560345674013355,-5.729822192648897,Optimal (tolerance reached),7570,1,0,12,6
3,7,44096.0,-5.9560269249759505,-5.729822192648897,Optimal (tolerance reached),7582,8,0,12,4
3,7,44207.0,-5.9560269249759505,-5.729822192648897,Optimal (tolerance reached),7605,4,0,14,1
3,7,44331.0,-5.954749899583353,-5.729822192648897,Optimal (tolerance reached),7631,10,0,22,6
3,7,44412.0,-5.954749899583353,-5.729822192648897,Optimal (tolerance reached),7648,1,0,19,3
3,7,44468.0,-5.95437681206648,-5.729822192648897,Optimal (tolerance reached),7659,8,0,14,10
3,7,44599.0,-5.95437681206648,-5.729822192648897,Optimal (tolerance reached),7685,4,0,17,4
3,7,44731.0,-5.954188690891892,-5.729822192648897,Optimal (tolerance reached),7713,11,0,23,7
3,7,44837.0,-5.954188690891892,-5.729822192648897,Optimal (tolerance reached),7735,2,0,5,4
3,7,44963.0,-5.953328945777589,-5.729822192648897,Optimal (tolerance reached),7762,9,0,24,6
3,7,45072.0,-5.953328945777589,-5.729822192648897,Optimal (tolerance reached),7783,5,0,13,0
3,7,45176.0,-5.953087188667228,-5.729822192648897,Optimal (tolerance reached),7805,10,0,21,3
3,7,45302.0,-5.953087188667228,-5.729822192648897,Optimal (tolerance reached),7832,5,0,12,2
3,7,45427.0,-5.951560107736234,-5.729822192648897,Optimal (tolerance reached),7858,10,0,24,8
3,7,45520.0,-5.951560107736234,-5.729822192648897,Optimal (tolerance reached),7877,2,0,7,4
3,7,45643.0,-5.950011630790087,-5.729822192648897,Optimal (tolerance reached),7902,9,0,21,8
3,7,45729.0,-5.950011630790087,-5.729822192648897,Optimal (tolerance reached),7919,4,0,19,3
3,7,45860.0,-5.949785493681832,-5.729822192648897,Optimal (tolerance reached),7947,11,0,24,6
3,7,45973.0,-5.949785493681832,-5.729822192648897,Optimal (tolerance reached),7971,2,0,13,2
3,7,46091.0,-5.949347090962972,-5.729822192648897,Optimal (tolerance reached),7994,9,0,22,9
3,7,46179.0,-5.949347090962972,-5.729822192648897,Optimal (tolerance reached),8011,3,0,10,3
3,7,46285.0,-5.947893390595186,-5.729822192648897,Optimal (tolerance reached),8034,10,0,19,0
3,7,46379.0,-5.947893390595186,-5.729822192648897,Optimal (tolerance reached),8053,2,0,10,5
3,7,46505.0,-5.946393390487243,-5.729822192648897,Optimal (tolerance reached),8081,9,0,19,3
3,7,46591.0,-5.946393390487243,-5.729822192648897,Optimal (tolerance reached),8097,1,0,6,3
3,7,46657.0,-5.9429613962583066,-5.729822192648897,Optimal (tolerance reached),8111,8,0,12,4
3,7,46755.0,-5.9429613962583066,-5.729822192648897,Optimal (tolerance reached),8131,4,0,18,1
3,7,46866.0,-5.942403399742612,-5.729822192648897,Optimal (tolerance reached),8154,10,0,22,6
3,7,46973.0,-5.942403399742612,-5.729822192648897,Optimal (tolerance reached),8176,4,0,14,2
3,7,47107.0,-5.9404644123706305,-5.729822192648897,Optimal (tolerance reached),8203,10,0,25,6
3,7,47218.0,-5.9404644123706305,-5.729822192648897,Optimal (tolerance reached),8224,3,0,9,2
3,7,47332.0,-5.940445839684575,-5.729822192648897,Optimal (tolerance reached),8248,9,0,23,2
3,7,47425.0,-5.940445839684575,-5.729822192648897,Optimal (tolerance reached),8268,3,0,10,1
3,7,47543.0,-5.938460025663017,-5.729822192648897,Optimal (tolerance reached),8291,9,0,20,6
3,7,47633.0,-5.938460025663017,-5.729822192648897,Optimal (tolerance reached),8309,2,0,7,2
3,7,47754.0,-5.935826491856477,-5.729822192648897,Optimal (tolerance reached),8335,8,0,22,2
3,7,47812.0,-5.935826491856477,-5.729822192648897,Optimal (tolerance reached),8347,8,0,15,4
3,7,47910.0,-5.935638576129072,-5.729822192648897,Optimal (tolerance reached),8367,1,0,16,4
3,7,47994.0,-5.935638576129072,-5.729822192648897,Optimal (tolerance reached),8383,8,0,14,6
3,7,48097.0,-5.9316707191522156,-5.729822192648897,Optimal (tolerance reached),8404,1,0,15,4
3,7,48213.0,-5.9316707191522156,-5.729822192648897,Optimal (tolerance reached),8428,2,0,15,1
3,7,48331.0,-5.930674456239524,-5.729822192648897,Optimal (tolerance reached),8453,9,0,23,5
3,7,48441.0,-5.930674456239524,-5.729822192648897,Optimal (tolerance reached),8475,2,0,10,13
3,7,48543.0,-5.92925325589542,-5.729822192648897,Optimal (tolerance reached),8496,8,0,21,1
3,7,48659.0,-5.92925325589542,-5.729822192648897,Optimal (tolerance reached),8520,2,0,16,1
3,7,48756.0,-5.927985463532973,-5.729822192648897,Optimal (tolerance reached),8540,8,0,20,5
3,7,48852.0,-5.927985463532973,-5.729822192648897,Optimal (tolerance reached),8560,2,0,13,2
3,7,48997.0,-5.927822490721827,-5.729822192648897,Optimal (tolerance reached),8589,8,0,22,11
3,7,49101.0,-5.927822490721827,-5.729822192648897,Optimal (tolerance reached),8611,2,0,14,4
3,7,49216.0,-5.92761434920101,-5.729822192648897,Optimal (tolerance reached),8636,8,0,18,2
3,7,49324.0,-5.92761434920101,-5.729822192648897,Optimal (tolerance reached),8658,2,0,17,1
3,7,49448.0,-5.927308741516221,-5.729822192648897,Optimal (tolerance reached),8683,8,0,22,1
3,7,49539.0,-5.927308741516221,-5.729822192648897,Optimal (tolerance reached),8702,2,0,9,3
3,7,49674.0,-5.926429818179407,-5.729822192648897,Optimal (tolerance reached),8731,8,0,23,5
3,7,49757.0,-5.926429818179407,-5.729822192648897,Optimal (tolerance reached),8749,8,0,14,4
3,7,49836.0,-5.926126691228723,-5.729822192648897,Optimal (tolerance reached),8765,2,0,14,8
3,7,49910.0,-5.926126691228723,-5.729822192648897,Optimal (tolerance reached),8779,8,0,12,8
3,7,50012.0,-5.925156082282677,-5.729822192648897,Optimal (tolerance reached),8800,2,0,11,1
3,7,50111.0,-5.925156082282677,-5.729822192648897,Optimal (tolerance reached),8820,2,0,6,4
3,7,50241.0,-5.924118776180627,-5.729822192648897,Optimal (tolerance reached),8848,8,0,22,8
3,7,50329.0,-5.924118776180627,-5.729822192648897,Optimal (tolerance reached),8866,1,0,17,8
3,7,50394.0,-5.923942492639321,-5.729822192648897,Optimal (tolerance reached),8878,5,0,13,6
3,7,50495.0,-5.923942492639321,-5.729822192648897,Optimal (tolerance reached),8899,2,0,11,2
3,7,50623.0,-5.922177724615133,-5.729822192648897,Optimal (tolerance reached),8926,8,0,21,10
3,7,50726.0,-5.922177724615133,-5.729822192648897,Optimal (tolerance reached),8947,3,0,16,4
3,7,50853.0,-5.920680924858594,-5.729822192648897,Optimal (tolerance reached),8975,9,0,24,5
3,7,50957.0,-5.920680924858594,-5.729822192648897,Optimal (tolerance reached),8995,3,0,12,2
3,7,51075.0,-5.920111116485105,-5.729822192648897,Optimal (tolerance reached),9020,8,0,22,1
3,7,51167.0,-5.920111116485105,-5.729822192648897,Optimal (tolerance reached),9039,1,0,3,3
3,7,51214.0,-5.9198910071758775,-5.729822192648897,Optimal (tolerance reached),9048,7,0,12,7
3,7,51311.0,-5.9198910071758775,-5.729822192648897,Optimal (tolerance reached),9068,3,0,15,3
3,7,51431.0,-5.91878980589591,-5.729822192648897,Optimal (tolerance reached),9092,8,0,21,2
3,7,51524.0,-5.91878980589591,-5.729822192648897,Optimal (tolerance reached),9111,3,0,6,1
3,7,51611.0,-5.9181772971094775,-5.729822192648897,Optimal (tolerance reached),9129,8,0,19,3
3,7,51705.0,-5.9181772971094775,-5.729822192648897,Optimal (tolerance reached),9148,3,0,17,5
3,7,51827.0,-5.917945373444972,-5.729822192648897,Optimal (tolerance reached),9175,8,0,21,4
3,7,51931.0,-5.917945373444972,-5.729822192648897,Optimal (tolerance reached),9195,3,0,8,5
3,7,52047.0,-5.917636149297271,-5.729822192648897,Optimal (tolerance reached),9221,8,0,19,5
3,7,52142.0,-5.917636149297271,-5.729822192648897,Optimal (tolerance reached),9240,3,0,14,9
3,7,52268.0,-5.9171184006704705,-5.729822192648897,Optimal (tolerance reached),9267,8,0,25,3
3,7,52390.0,-5.9171184006704705,-5.729822192648897,Optimal (tolerance reached),9291,2,0,13,4
3,7,52491.0,-5.915915306996213,-5.729822192648897,Optimal (tolerance reached),9313,8,0,21,1
3,7,52597.0,-5.915915306996213,-5.729822192648897,Optimal (tolerance reached),9335,3,0,13,1
3,7,52690.0,-5.915543818815189,-5.729822192648897,Optimal (tolerance reached),9355,8,0,17,3
3,7,52754.0,-5.915543818815189,-5.729822192648897,Optimal (tolerance reached),9369,7,0,12,3
3,7,52859.0,-5.914419427675618,-5.729822192648897,Optimal (tolerance reached),9389,1,0,10,1
3,7,52955.0,-5.914419427675618,-5.729822192648897,Optimal (tolerance reached),9409,1,0,20,8
3,7,53012.0,-5.914406986973633,-5.729822192648897,Optimal (tolerance reached),9421,7,0,11,2
3,7,53100.0,-5.914406986973633,-5.729822192648897,Optimal (tolerance reached),9439,3,0,4,2
3,7,53194.0,-5.914262958599941,-5.729822192648897,Optimal (tolerance reached),9459,8,0,19,7
3,7,53246.0,-5.914262958599941,-5.729822192648897,Optimal (tolerance reached),9469,5,0,14,9
3,7,53338.0,-5.913855325726209,-5.729822192648897,Optimal (tolerance reached),9487,2,0,11,4
3,7,53446.0,-5.913855325726209,-5.729822192648897,Optimal (tolerance reached),9509,3,0,19,3
3,7,53570.0,-5.913004696700452,-5.729822192648897,Optimal (tolerance reached),9536,8,0,21,3
3,7,53678.0,-5.913004696700452,-5.729822192648897,Optimal (tolerance reached),9559,2,0,18,4
3,7,53817.0,-5.910831090464372,-5.729822192648897,Optimal (tolerance reached),9587,8,0,24,3
3,7,53892.0,-5.910831090464372,-5.729822192648897,Optimal (tolerance reached),9602,2,0,3,3
3,7,53947.0,-5.9099849802166675,-5.729822192648897,Optimal (tolerance reached),9614,5,0,7,1
3,7,54056.0,-5.9099849802166675,-5.729822192648897,Optimal (tolerance reached),9637,3,0,15,0
3,7,54140.0,-5.908191090066812,-5.729822192648897,Optimal (tolerance reached),9654,8,0,21,7
3,7,54259.0,-5.908191090066812,-5.729822192648897,Optimal (tolerance reached),9679,3,0,9,4
3,7,54354.0,-5.9069230145135,-5.729822192648897,Optimal (tolerance reached),9698,8,0,17,6
3,7,54446.0,-5.9069230145135,-5.729822192648897,Optimal (tolerance reached),9716,3,0,15,5
3,7,54552.0,-5.906698012424855,-5.729822192648897,Optimal (tolerance reached),9739,8,0,20,3
3,7,54666.0,-5.906698012424855,-5.729822192648897,Optimal (tolerance reached),9763,3,0,15,4
3,7,54779.0,-5.905867174182657,-5.729822192648897,Optimal (tolerance reached),9785,8,0,20,4
3,7,54831.0,-5.905867174182657,-5.729822192648897,Optimal (tolerance reached),9795,7,0,15,7
3,7,54921.0,-5.905210542664999,-5.729822192648897,Optimal (tolerance reached),9813,2,0,14,2
3,7,55023.0,-5.905210542664999,-5.729822192648897,Optimal (tolerance reached),9834,3,0,20,4
3,7,55128.0,-5.904549891976416,-5.729822192648897,Optimal (tolerance reached),9858,8,0,17,2
3,7,55176.0,-5.904549891976416,-5.729822192648897,Optimal (tolerance reached),9868,5,0,10,4
3,7,55272.0,-5.902155623885544,-5.729822192648897,Optimal (tolerance reached),9886,2,0,15,8
3,7,55375.0,-5.902155623885544,-5.729822192648897,Optimal (tolerance reached),9908,3,0,16,3
3,7,55500.0,-5.9007646718239855,-5.729822192648897,Optimal (tolerance reached),9934,8,0,26,7
3,7,55607.0,-5.9007646718239855,-5.729822192648897,Optimal (tolerance reached),9956,3,0,16,0
3,7,55717.0,-5.89944922930276,-5.729822192648897,Optimal (tolerance reached),9978,8,0,24,4
3,7,55787.0,-5.89944922930276,-5.729822192648897,Optimal (tolerance reached),9992,7,0,14,5
3,7,55890.0,-5.898096218431289,-5.729822192648897,Optimal (tolerance reached),10014,2,0,11,3
3,7,55995.0,-5.898096218431289,-5.729822192648897,Optimal (tolerance reached),10035,2,0,9,5
3,7,56083.0,-5.897907942538338,-5.729822192648897,Optimal (tolerance reached),10054,7,0,16,2
3,7,56190.0,-5.897907942538338,-5.729822192648897,Optimal (tolerance reached),10077,3,0,16,1
3,7,56305.0,-5.8969265937828546,-5.729822192648897,Optimal (tolerance reached),10100,8,0,22,3
3,7,56407.0,-5.8969265937828546,-5.729822192648897,Optimal (tolerance reached),10121,3,0,7,2
3,7,56513.0,-5.895330031088063,-5.729822192648897,Optimal (tolerance reached),10143,8,0,23,2
3,7,56573.0,-5.895330031088063,-5.729822192648897,Optimal (tolerance reached),10156,7,0,10,3
3,7,56671.0,-5.893916707383151,-5.729822192648897,Optimal (tolerance reached),10176,2,0,13,1
3,7,56778.0,-5.893916707383151,-5.729822192648897,Optimal (tolerance reached),10196,3,0,10,2
3,7,56903.0,-5.892929151257172,-5.729822192648897,Optimal (tolerance reached),10224,8,0,21,3
3,7,56958.0,-5.892929151257172,-5.729822192648897,Optimal (tolerance reached),10235,7,0,13,5
3,7,57054.0,-5.891891566906648,-5.729822192648897,Optimal (tolerance reached),10255,2,0,14,4
3,7,57163.0,-5.891891566906648,-5.729822192648897,Optimal (tolerance reached),10278,2,0,11,5
3,7,57243.0,-5.891763123485527,-5.729822192648897,Optimal (tolerance reached),10293,7,0,15,5
3,7,57352.0,-5.891763123485527,-5.729822192648897,Optimal (tolerance reached),10316,2,0,13,5
3,7,57475.0,-5.890839576734259,-5.729822192648897,Optimal (tolerance reached),10342,7,0,24,6
3,7,57529.0,-5.890839576734259,-5.729822192648897,Optimal (tolerance reached),10353,7,0,12,6
3,7,57605.0,-5.889930764153844,-5.729822192648897,Optimal (tolerance reached),10368,2,0,12,5
3,7,57668.0,-5.889930764153844,-5.729822192648897,Optimal (tolerance reached),10379,6,0,10,11
3,7,57773.0,-5.887885320147143,-5.729822192648897,Optimal (tolerance reached),10401,2,0,18,3
3,7,57862.0,-5.887885320147143,-5.729822192648897,Optimal (tolerance reached),10419,2,0,17,7
3,7,57907.0,-5.887691304094666,-5.729822192648897,Optimal (tolerance reached),10428,5,0,11,3
3,7,57999.0,-5.887691304094666,-5.729822192648897,Optimal (tolerance reached),10447,2,0,8,6
3,7,58059.0,-5.887523963640351,-5.729822192648897,Optimal (tolerance reached),10459,7,0,14,4
3,7,58173.0,-5.887523963640351,-5.729822192648897,Optimal (tolerance reached),10481,2,0,18,8
3,7,58221.0,-5.88728916125437,-5.729822192648897,Optimal (tolerance reached),10491,7,0,9,3
3,7,58332.0,-5.88728916125437,-5.729822192648897,Optimal (tolerance reached),10514,3,0,12,1
3,7,58448.0,-5.887062011446276,-5.729822192648897,Optimal (tolerance reached),10539,8,0,25,2
3,7,58569.0,-5.887062011446276,-5.729822192648897,Optimal (tolerance reached),10565,2,0,9,2
3,7,58676.0,-5.886228375228271,-5.729822192648897,Optimal (tolerance reached),10586,7,0,19,5
3,7,58719.0,-5.886228375228271,-5.729822192648897,Optimal (tolerance reached),10595,5,0,10,4
3,7,58806.0,-5.8850066537973476,-5.729822192648897,Optimal (tolerance reached),10612,2,0,14,2
3,7,58907.0,-5.8850066537973476,-5.729822192648897,Optimal (tolerance reached),10633,2,0,10,1
3,7,58976.0,-5.884611892622251,-5.729822192648897,Optimal (tolerance reached),10647,7,0,15,6
3,7,59080.0,-5.884611892622251,-5.729822192648897,Optimal (tolerance reached),10668,2,0,10,4
3,7,59185.0,-5.883386882695626,-5.729822192648897,Optimal (tolerance reached),10690,7,0,21,3
3,7,59241.0,-5.883386882695626,-5.729822192648897,Optimal (tolerance reached),10702,7,0,12,5
3,7,59330.0,-5.883066575333002,-5.729822192648897,Optimal (tolerance reached),10720,2,0,15,5
3,7,59412.0,-5.883066575333002,-5.729822192648897,Optimal (tolerance reached),10736,2,0,4,3
3,7,59483.0,-5.882366299009645,-5.729822192648897,Optimal (tolerance reached),10751,7,0,13,3
3,7,59588.0,-5.882366299009645,-5.729822192648897,Optimal (tolerance reached),10771,2,0,9,3
3,7,59661.0,-5.88166114633005,-5.729822192648897,Optimal (tolerance reached),10786,7,0,15,5
3,7,59775.0,-5.88166114633005,-5.729822192648897,Optimal (tolerance reached),10810,2,0,18,3
3,7,59849.0,-5.881340548053218,-5.729822192648897,Optimal (tolerance reached),10825,7,0,18,2
3,7,59896.0,-5.881340548053218,-5.729822192648897,Optimal (tolerance reached),10834,6,0,15,4
3,7,59994.0,-5.879689493705303,-5.729822192648897,Optimal (tolerance reached),10855,2,0,18,4
3,7,60091.0,-5.879689493705303,-5.729822192648897,Optimal (tolerance reached),10874,1,0,8,6
3,7,60132.0,-5.879441318296995,-5.729822192648897,Optimal (tolerance reached),10883,6,0,9,3
3,7,60180.0,-5.879441318296995,-5.729822192648897,Optimal (tolerance reached),10892,5,0,13,6
3,7,60271.0,-5.878898923059047,-5.729822192648897,Optimal (tolerance reached),10911,2,0,12,2
3,7,60354.0,-5.878898923059047,-5.729822192648897,Optimal (tolerance reached),10928,1,0,15,5
3,7,60403.0,-5.878583848741837,-5.729822192648897,Optimal (tolerance reached),10938,6,0,12,5
3,7,60448.0,-5.878583848741837,-5.729822192648897,Optimal (tolerance reached),10948,1,0,7,4
3,7,60529.0,-5.878118141533068,-5.729822192648897,Optimal (tolerance reached),10963,1,0,12,5
3,7,60631.0,-5.878118141533068,-5.729822192648897,Optimal (tolerance reached),10984,2,0,16,3
3,7,60724.0,-5.878088115621694,-5.729822192648897,Optimal (tolerance reached),11003,7,0,18,1
3,7,60832.0,-5.878088115621694,-5.729822192648897,Optimal (tolerance reached),11026,1,0,8,4
3,7,60882.0,-5.878030814699011,-5.729822192648897,Optimal (tolerance reached),11036,6,0,9,7
3,7,61002.0,-5.878030814699011,-5.729822192648897,Optimal (tolerance reached),11059,2,0,6,3
3,7,61066.0,-5.8774860803065225,-5.729822192648897,Optimal (tolerance reached),11072,7,0,16,5
3,7,61179.0,-5.8774860803065225,-5.729822192648897,Optimal (tolerance reached),11096,2,0,10,5
3,7,61291.0,-5.875816860126711,-5.729822192648897,Optimal (tolerance reached),11120,7,0,21,7
3,7,61389.0,-5.875816860126711,-5.729822192648897,Optimal (tolerance reached),11141,2,0,12,3
3,7,61515.0,-5.875726173999923,-5.729822192648897,Optimal (tolerance reached),11166,7,0,20,5
3,7,61606.0,-5.875726173999923,-5.729822192648897,Optimal (tolerance reached),11184,2,0,5,1
3,7,61669.0,-5.874279127999131,-5.729822192648897,Optimal (tolerance reached),11197,7,0,13,2
3,7,61755.0,-5.874279127999131,-5.729822192648897,Optimal (tolerance reached),11215,2,0,9,2
3,7,61819.0,-5.87382479292267,-5.729822192648897,Optimal (tolerance reached),11228,7,0,16,5
3,7,61930.0,-5.87382479292267,-5.729822192648897,Optimal (tolerance reached),11253,2,0,17,0
3,7,62021.0,-5.873764239810636,-5.729822192648897,Optimal (tolerance reached),11272,7,0,19,2
3,7,62131.0,-5.873764239810636,-5.729822192648897,Optimal (tolerance reached),11296,2,0,18,2
3,7,62208.0,-5.873236940406976,-5.729822192648897,Optimal (tolerance reached),11312,7,0,16,3
3,7,62299.0,-5.873236940406976,-5.729822192648897,Optimal (tolerance reached),11331,0,0,2,2
3,7,62335.0,-5.872523798051494,-5.729822192648897,Optimal (tolerance reached),11338,0,0,8,3
3,7,62426.0,-5.872523798051494,-5.729822192648897,Optimal (tolerance reached),11355,2,0,11,2
3,7,62503.0,-5.871905789700324,-5.729822192648897,Optimal (tolerance reached),11371,7,0,13,1
3,7,62612.0,-5.871905789700324,-5.729822192648897,Optimal (tolerance reached),11395,2,0,3,4
3,7,62669.0,-5.871574632262419,-5.729822192648897,Optimal (tolerance reached),11407,7,0,18,5
3,7,62759.0,-5.871574632262419,-5.729822192648897,Optimal (tolerance reached),11426,2,0,18,3
3,7,62844.0,-5.870417857195064,-5.729822192648897,Optimal (tolerance reached),11446,7,0,16,4
3,7,62889.0,-5.870417857195064,-5.729822192648897,Optimal (tolerance reached),11455,4,0,11,3
3,7,62975.0,-5.870322595476079,-5.729822192648897,Optimal (tolerance reached),11471,1,0,16,1
3,7,63083.0,-5.870322595476079,-5.729822192648897,Optimal (tolerance reached),11493,1,0,8,6
3,7,63128.0,-5.869054826219278,-5.729822192648897,Optimal (tolerance reached),11503,6,0,8,0
3,7,63174.0,-5.869054826219278,-5.729822192648897,Optimal (tolerance reached),11513,5,0,9,3
3,7,63240.0,-5.867514576767002,-5.729822192648897,Optimal (tolerance reached),11526,0,0,18,2
3,7,63320.0,-5.867514576767002,-5.729822192648897,Optimal (tolerance reached),11543,1,0,12,0
3,7,63374.0,-5.867476740775441,-5.729822192648897,Optimal (tolerance reached),11552,6,0,11,11
3,7,63471.0,-5.867476740775441,-5.729822192648897,Optimal (tolerance reached),11572,2,0,13,1
3,7,63575.0,-5.866587347243406,-5.729822192648897,Optimal (tolerance reached),11594,7,0,19,2
3,7,63690.0,-5.866587347243406,-5.729822192648897,Optimal (tolerance reached),11618,2,0,11,4
3,7,63781.0,-5.8644131633127525,-5.729822192648897,Optimal (tolerance reached),11637,7,0,17,5
3,7,63884.0,-5.8644131633127525,-5.729822192648897,Optimal (tolerance reached),11656,2,0,14,4
3,7,63967.0,-5.8638271956556105,-5.729822192648897,Optimal (tolerance reached),11674,7,0,16,2
3,7,64060.0,-5.8638271956556105,-5.729822192648897,Optimal (tolerance reached),11693,2,0,17,3
3,7,64133.0,-5.863790566912584,-5.729822192648897,Optimal (tolerance reached),11708,7,0,20,3
3,7,64212.0,-5.863790566912584,-5.729822192648897,Optimal (tolerance reached),11724,0,0,5,4
3,7,64242.0,-5.862659228520747,-5.729822192648897,Optimal (tolerance reached),11730,0,0,8,1
3,7,64362.0,-5.862659228520747,-5.729822192648897,Optimal (tolerance reached),11754,2,0,7,2
3,7,64439.0,-5.8624229696736085,-5.729822192648897,Optimal (tolerance reached),11771,6,0,15,8
3,7,64535.0,-5.8624229696736085,-5.729822192648897,Optimal (tolerance reached),11791,3,0,9,0
3,7,64607.0,-5.861810542433089,-5.729822192648897,Optimal (tolerance reached),11806,7,0,16,3
3,7,64708.0,-5.861810542433089,-5.729822192648897,Optimal (tolerance reached),11828,2,0,10,1
3,7,64769.0,-5.860355198133567,-5.729822192648897,Optimal (tolerance reached),11840,6,0,17,4
3,7,64830.0,-5.860355198133567,-5.729822192648897,Optimal (tolerance reached),11852,6,0,8,3
3,7,64916.0,-5.859751537486206,-5.729822192648897,Optimal (tolerance reached),11870,1,0,18,5
3,7,64973.0,-5.859751537486206,-5.729822192648897,Optimal (tolerance reached),11882,6,0,14,7
3,7,65072.0,-5.859059313250108,-5.729822192648897,Optimal (tolerance reached),11904,1,0,16,1
3,7,65122.0,-5.859059313250108,-5.729822192648897,Optimal (tolerance reached),11915,6,0,14,5
3,7,65229.0,-5.858620997366456,-5.729822192648897,Optimal (tolerance reached),11937,1,0,11,4
3,7,65392.0,-5.858620997366456,-5.729822192648897,Optimal (tolerance reached),11953,0,0,10,1
3,7,65442.0,-5.857189477465382,-5.729822192648897,Optimal (tolerance reached),11963,5,0,11,3
3,7,65503.0,-5.857189477465382,-5.729822192648897,Optimal (tolerance reached),11975,6,0,11,5
3,7,65597.0,-5.855789961509269,-5.729822192648897,Optimal (tolerance reached),11993,1,0,11,3
3,7,65663.0,-5.855789961509269,-5.729822192648897,Optimal (tolerance reached),12006,6,0,15,5
3,7,65771.0,-5.853808899335688,-5.729822192648897,Optimal (tolerance reached),12030,1,0,9,9
3,7,66167.0,-5.853808899335688,-5.729822192648897,Optimal (tolerance reached),12051,4,0,14,5
3,7,66245.0,-5.85216742055713,-5.729822192648897,Optimal (tolerance reached),12068,7,0,15,7
3,7,66337.0,-5.85216742055713,-5.729822192648897,Optimal (tolerance reached),12087,3,0,6,9
3,7,66404.0,-5.85200264131473,-5.729822192648897,Optimal (tolerance reached),12101,6,0,16,4
3,7,66524.0,-5.85200264131473,-5.729822192648897,Optimal (tolerance reached),12127,1,0,15,2
3,7,66569.0,-5.851821936581094,-5.729822192648897,Optimal (tolerance reached),12136,5,0,10,5
3,7,66672.0,-5.851821936581094,-5.729822192648897,Optimal (tolerance reached),12156,3,0,8,1
3,7,66717.0,-5.851411800689356,-5.729822192648897,Optimal (tolerance reached),12165,4,0,11,2
3,7,66820.0,-5.851411800689356,-5.729822192648897,Optimal (tolerance reached),12187,4,0,15,0
3,7,66894.0,-5.851365590676595,-5.729822192648897,Optimal (tolerance reached),12202,7,0,17,2
3,7,66996.0,-5.851365590676595,-5.729822192648897,Optimal (tolerance reached),12222,4,0,11,3
3,7,67075.0,-5.850971808949266,-5.729822192648897,Optimal (tolerance reached),12238,7,0,17,4
3,7,67135.0,-5.850971808949266,-5.729822192648897,Optimal (tolerance reached),12251,5,0,12,3
3,7,67229.0,-5.8500736689437325,-5.729822192648897,Optimal (tolerance reached),12271,1,0,9,2
3,7,67292.0,-5.8500736689437325,-5.729822192648897,Optimal (tolerance reached),12284,5,0,10,4
3,7,67396.0,-5.84988766353048,-5.729822192648897,Optimal (tolerance reached),12305,1,0,16,3
3,7,67442.0,-5.84988766353048,-5.729822192648897,Optimal (tolerance reached),12314,5,0,12,5
3,7,67519.0,-5.84920485790893,-5.729822192648897,Optimal (tolerance reached),12329,1,0,17,2
3,7,67610.0,-5.84920485790893,-5.729822192648897,Optimal (tolerance reached),12348,3,0,9,1
3,7,67670.0,-5.8488314247636,-5.729822192648897,Optimal (tolerance reached),12359,6,0,14,5
3,7,67760.0,-5.8488314247636,-5.729822192648897,Optimal (tolerance reached),12377,3,0,8,0
3,7,67818.0,-5.84767961897124,-5.729822192648897,Optimal (tolerance reached),12389,6,0,13,4
3,7,67905.0,-5.84767961897124,-5.729822192648897,Optimal (tolerance reached),12407,2,0,16,1
3,7,67951.0,-5.847631917096719,-5.729822192648897,Optimal (tolerance reached),12416,3,0,14,9
3,7,68063.0,-5.847631917096719,-5.729822192648897,Optimal (tolerance reached),12438,3,0,8,1
3,7,68125.0,-5.847529092256992,-5.729822192648897,Optimal (tolerance reached),12451,6,0,12,3
3,7,68170.0,-5.847529092256992,-5.729822192648897,Optimal (tolerance reached),12460,0,0,12,6
3,7,68288.0,-5.847011864021657,-5.729822192648897,Optimal (tolerance reached),12485,2,0,11,1
3,7,68392.0,-5.847011864021657,-5.729822192648897,Optimal (tolerance reached),12506,3,0,8,4
3,7,68448.0,-5.845798303688104,-5.729822192648897,Optimal (tolerance reached),12518,6,0,11,6
3,7,68491.0,-5.845798303688104,-5.729822192648897,Optimal (tolerance reached),12527,0,0,9,2
3,7,68575.0,-5.845178026999285,-5.729822192648897,Optimal (tolerance reached),12544,2,0,14,1
3,7,68612.0,-5.845178026999285,-5.729822192648897,Optimal (tolerance reached),12552,4,0,5,2
3,7,68688.0,-5.844798951199862,-5.729822192648897,Optimal (tolerance reached),12566,2,0,5,3
3,7,68771.0,-5.844798951199862,-5.729822192648897,Optimal (tolerance reached),12583,2,0,15,5
3,7,68810.0,-5.844189053610585,-5.729822192648897,Optimal (tolerance reached),12591,3,0,10,2
3,7,68895.0,-5.844189053610585,-5.729822192648897,Optimal (tolerance reached),12608,2,0,12,3
3,7,68939.0,-5.8436221542718325,-5.729822192648897,Optimal (tolerance reached),12617,5,0,9,1
3,7,69028.0,-5.8436221542718325,-5.729822192648897,Optimal (tolerance reached),12634,2,0,11,1
3,7,69062.0,-5.843481431437311,-5.729822192648897,Optimal (tolerance reached),12640,0,0,11,3
3,7,69169.0,-5.843481431437311,-5.729822192648897,Optimal (tolerance reached),12662,4,0,15,4
3,7,69251.0,-5.843219410252653,-5.729822192648897,Optimal (tolerance reached),12679,6,0,15,2
3,7,69350.0,-5.843219410252653,-5.729822192648897,Optimal (tolerance reached),12698,2,0,7,10
3,7,69384.0,-5.8425510016445426,-5.729822192648897,Optimal (tolerance reached),12705,0,0,6,2
3,7,69501.0,-5.8425510016445426,-5.729822192648897,Optimal (tolerance reached),12730,3,0,14,2
3,7,69566.0,-5.842545915736175,-5.729822192648897,Optimal (tolerance reached),12743,5,0,13,6
3,7,69646.0,-5.842545915736175,-5.729822192648897,Optimal (tolerance reached),12759,2,0,14,3
3,7,69689.0,-5.842039135943627,-5.729822192648897,Optimal (tolerance reached),12767,0,0,8,3
3,7,69795.0,-5.842039135943627,-5.729822192648897,Optimal (tolerance reached),12789,4,0,14,2
3,7,69857.0,-5.841504883355016,-5.729822192648897,Optimal (tolerance reached),12801,6,0,15,3
3,7,69962.0,-5.841504883355016,-5.729822192648897,Optimal (tolerance reached),12823,3,0,7,3
3,7,70017.0,-5.841275429055812,-5.729822192648897,Optimal (tolerance reached),12832,5,0,12,1
3,7,70119.0,-5.841275429055812,-5.729822192648897,Optimal (tolerance reached),12852,4,0,14,4
3,7,70195.0,-5.840537580437597,-5.729822192648897,Optimal (tolerance reached),12868,6,0,15,3
3,7,70303.0,-5.840537580437597,-5.729822192648897,Optimal (tolerance reached),12890,4,0,18,5
3,7,70370.0,-5.840367524711023,-5.729822192648897,Optimal (tolerance reached),12904,7,0,14,1
3,7,70472.0,-5.840367524711023,-5.729822192648897,Optimal (tolerance reached),12924,3,0,9,1
3,7,70530.0,-5.839600636802105,-5.729822192648897,Optimal (tolerance reached),12936,5,0,14,0
3,7,70583.0,-5.839600636802105,-5.729822192648897,Optimal (tolerance reached),12947,5,0,13,7
3,7,70681.0,-5.839403559246919,-5.729822192648897,Optimal (tolerance reached),12968,2,0,9,2
3,7,70772.0,-5.839403559246919,-5.729822192648897,Optimal (tolerance reached),12985,3,0,6,1
3,7,70825.0,-5.838337262465942,-5.729822192648897,Optimal (tolerance reached),12996,5,0,12,3
3,7,70917.0,-5.838337262465942,-5.729822192648897,Optimal (tolerance reached),13016,3,0,5,3
3,7,70972.0,-5.8380116096441155,-5.729822192648897,Optimal (tolerance reached),13027,5,0,13,3
3,7,71078.0,-5.8380116096441155,-5.729822192648897,Optimal (tolerance reached),13049,2,0,9,3
3,7,71125.0,-5.837910903620483,-5.729822192648897,Optimal (tolerance reached),13057,5,0,10,6
3,7,71233.0,-5.837910903620483,-5.729822192648897,Optimal (tolerance reached),13080,3,0,10,1
3,7,71296.0,-5.8378127903006565,-5.729822192648897,Optimal (tolerance reached),13093,5,0,14,2
3,7,71340.0,-5.8378127903006565,-5.729822192648897,Optimal (tolerance reached),13102,5,0,11,7
3,7,71437.0,-5.837774379985245,-5.729822192648897,Optimal (tolerance reached),13121,3,0,18,6
3,7,71517.0,-5.837774379985245,-5.729822192648897,Optimal (tolerance reached),13137,3,0,4,3
3,7,71549.0,-5.8373401634910005,-5.729822192648897,Optimal (tolerance reached),13143,0,0,10,6
3,7,71646.0,-5.8373401634910005,-5.729822192648897,Optimal (tolerance reached),13163,4,0,13,6
3,7,71702.0,-5.83571230152538,-5.729822192648897,Optimal (tolerance reached),13174,6,0,14,4
3,7,71814.0,-5.83571230152538,-5.729822192648897,Optimal (tolerance reached),13196,3,0,7,4
3,7,71885.0,-5.835666207452276,-5.729822192648897,Optimal (tolerance reached),13211,5,0,14,3
3,7,71915.0,-5.835666207452276,-5.729822192648897,Optimal (tolerance reached),13217,2,0,7,4
3,7,71982.0,-5.835489235633151,-5.729822192648897,Optimal (tolerance reached),13230,3,0,3,2
3,7,72062.0,-5.835489235633151,-5.729822192648897,Optimal (tolerance reached),13246,3,0,19,5
3,7,72110.0,-5.834557460559028,-5.729822192648897,Optimal (tolerance reached),13255,3,0,10,1
3,7,72201.0,-5.834557460559028,-5.729822192648897,Optimal (tolerance reached),13274,3,0,2,2
3,7,72243.0,-5.833878428071593,-5.729822192648897,Optimal (tolerance reached),13283,3,0,10,5
3,7,72332.0,-5.833878428071593,-5.729822192648897,Optimal (tolerance reached),13301,3,0,18,9
3,7,72389.0,-5.833857536861936,-5.729822192648897,Optimal (tolerance reached),13314,3,0,7,2
3,7,72492.0,-5.833857536861936,-5.729822192648897,Optimal (tolerance reached),13335,3,0,10,4
3,7,72537.0,-5.833711664406168,-5.729822192648897,Optimal (tolerance reached),13344,3,0,13,4
3,7,72642.0,-5.833711664406168,-5.729822192648897,Optimal (tolerance reached),13365,4,0,13,4
3,7,72711.0,-5.832078959499094,-5.729822192648897,Optimal (tolerance reached),13381,6,0,14,3
3,7,72807.0,-5.832078959499094,-5.729822192648897,Optimal (tolerance reached),13401,3,0,15,2
3,7,72851.0,-5.831352316199062,-5.729822192648897,Optimal (tolerance reached),13410,3,0,14,2
3,7,72959.0,-5.831352316199062,-5.729822192648897,Optimal (tolerance reached),13434,3,0,12,3
3,7,73013.0,-5.830910350993433,-5.729822192648897,Optimal (tolerance reached),13446,4,0,12,1
3,7,73100.0,-5.830910350993433,-5.729822192648897,Optimal (tolerance reached),13465,4,0,9,1
3,7,73185.0,-5.830637276821022,-5.729822192648897,Optimal (tolerance reached),13483,6,0,18,3
3,7,73278.0,-5.830637276821022,-5.729822192648897,Optimal (tolerance reached),13503,4,0,12,5
3,7,73334.0,-5.829641502478799,-5.729822192648897,Optimal (tolerance reached),13516,6,0,11,5
3,7,73385.0,-5.829641502478799,-5.729822192648897,Optimal (tolerance reached),13527,5,0,12,7
3,7,73493.0,-5.82897270820092,-5.729822192648897,Optimal (tolerance reached),13550,3,0,22,1
3,7,73584.0,-5.82897270820092,-5.729822192648897,Optimal (tolerance reached),13570,3,0,7,2
3,7,73632.0,-5.8284895914065125,-5.729822192648897,Optimal (tolerance reached),13580,5,0,15,1
3,7,73666.0,-5.8284895914065125,-5.729822192648897,Optimal (tolerance reached),13587,0,0,10,6
3,7,73740.0,-5.828274698646978,-5.729822192648897,Optimal (tolerance reached),13603,3,0,19,7
3,7,73812.0,-5.828274698646978,-5.729822192648897,Optimal (tolerance reached),13617,3,0,6,4
3,7,73852.0,-5.828024956001905,-5.729822192648897,Optimal (tolerance reached),13626,5,0,8,3
3,7,73943.0,-5.828024956001905,-5.729822192648897,Optimal (tolerance reached),13647,3,0,14,7
3,7,74008.0,-5.827296509688864,-5.729822192648897,Optimal (tolerance reached),13661,5,0,14,3
3,7,74098.0,-5.827296509688864,-5.729822192648897,Optimal (tolerance reached),13679,3,0,7,3
3,7,74148.0,-5.826216252812088,-5.729822192648897,Optimal (tolerance reached),13690,3,0,11,5
3,7,74235.0,-5.826216252812088,-5.729822192648897,Optimal (tolerance reached),13708,3,0,5,3
3,7,74282.0,-5.824572708921138,-5.729822192648897,Optimal (tolerance reached),13718,5,0,9,3
3,7,74390.0,-5.824572708921138,-5.729822192648897,Optimal (tolerance reached),13740,3,0,18,5
3,7,74445.0,-5.824549513299861,-5.729822192648897,Optimal (tolerance reached),13753,5,0,12,5
3,7,74490.0,-5.824549513299861,-5.729822192648897,Optimal (tolerance reached),13764,3,0,8,2
3,7,74582.0,-5.823562655460682,-5.729822192648897,Optimal (tolerance reached),13785,3,0,16,7
3,7,74660.0,-5.823562655460682,-5.729822192648897,Optimal (tolerance reached),13803,3,0,11,1
3,7,74704.0,-5.823120169409727,-5.729822192648897,Optimal (tolerance reached),13812,5,0,10,2
3,7,74746.0,-5.823120169409727,-5.729822192648897,Optimal (tolerance reached),13820,3,0,13,6
3,7,74840.0,-5.8228161521386905,-5.729822192648897,Optimal (tolerance reached),13841,3,0,20,2
3,7,74923.0,-5.8228161521386905,-5.729822192648897,Optimal (tolerance reached),13859,3,0,18,2
3,7,74954.0,-5.82166558638124,-5.729822192648897,Optimal (tolerance reached),13866,3,0,9,5
3,7,74982.0,-5.82166558638124,-5.729822192648897,Optimal (tolerance reached),13872,0,0,7,3
3,7,75054.0,-5.821592666139268,-5.729822200518585,Optimal (tolerance reached),13887,1,0,16,3
3,7,75150.0,-5.821592666139268,-5.729822200518585,Optimal (tolerance reached),13908,3,0,9,3
3,7,75206.0,-5.821257275435197,-5.729822200518585,Optimal (tolerance reached),13921,5,0,11,4
3,7,75301.0,-5.821257275435197,-5.729822200518585,Optimal (tolerance reached),13942,3,0,12,3
3,7,75369.0,-5.819407971472175,-5.729822200518585,Optimal (tolerance reached),13956,5,0,16,1
3,7,75410.0,-5.819407971472175,-5.729822200518585,Optimal (tolerance reached),13965,5,0,12,7
3,7,75495.0,-5.8192448735638855,-5.729822200518585,Optimal (tolerance reached),13984,3,0,14,9
3,7,75590.0,-5.8192448735638855,-5.729822200518585,Optimal (tolerance reached),14005,3,0,12,2
3,7,75650.0,-5.8183152924740345,-5.729822200518585,Optimal (tolerance reached),14019,5,0,12,5
3,7,75763.0,-5.8183152924740345,-5.729822200518585,Optimal (tolerance reached),14044,3,0,17,2
3,7,75820.0,-5.817421362045257,-5.729822200518585,Optimal (tolerance reached),14056,5,0,15,8
3,7,75914.0,-5.817421362045257,-5.729822200518585,Optimal (tolerance reached),14077,3,0,9,4
3,7,75957.0,-5.81633260699621,-5.729822200518585,Optimal (tolerance reached),14087,3,0,8,3
3,7,75996.0,-5.81633260699621,-5.729822200518585,Optimal (tolerance reached),14094,0,0,12,2
3,7,76080.0,-5.815816610161796,-5.729822200518585,Optimal (tolerance reached),14113,3,0,18,4
3,7,76171.0,-5.815816610161796,-5.729822200518585,Optimal (tolerance reached),14134,3,0,4,2
3,7,76215.0,-5.815308627528125,-5.729822200518585,Optimal (tolerance reached),14143,5,0,15,12
3,7,76264.0,-5.815308627528125,-5.729822200518585,Optimal (tolerance reached),14154,5,0,11,3
3,7,76357.0,-5.814955623058351,-5.729822200518585,Optimal (tolerance reached),14174,3,0,22,1
3,7,76393.0,-5.814955623058351,-5.729822200518585,Optimal (tolerance reached),14183,0,0,9,3
3,7,76490.0,-5.814723767139962,-5.729822200518585,Optimal (tolerance reached),14204,3,0,20,6
3,7,76595.0,-5.814723767139962,-5.729822200518585,Optimal (tolerance reached),14227,3,0,18,4
3,7,76643.0,-5.813999317723693,-5.729822200518585,Optimal (tolerance reached),14236,5,0,13,6
3,7,76727.0,-5.813999317723693,-5.729822200518585,Optimal (tolerance reached),14255,3,0,9,2
3,7,76776.0,-5.813933612694206,-5.729822200518585,Optimal (tolerance reached),14266,5,0,10,9
3,7,76818.0,-5.813933612694206,-5.729822200518585,Optimal (tolerance reached),14275,3,0,15,3
3,7,76903.0,-5.813144677969351,-5.729822200518585,Optimal (tolerance reached),14294,3,0,18,4
3,7,77013.0,-5.813144677969351,-5.729822200518585,Optimal (tolerance reached),14318,3,0,4,4
3,7,77059.0,-5.812566034991092,-5.729822200518585,Optimal (tolerance reached),14328,5,0,12,6
3,7,77143.0,-5.812566034991092,-5.729822200518585,Optimal (tolerance reached),14346,3,0,20,2
3,7,77183.0,-5.812195699828382,-5.729822200518585,Optimal (tolerance reached),14355,5,0,11,3
3,7,77213.0,-5.812195699828382,-5.729822200518585,Optimal (tolerance reached),14362,2,0,6,2
3,7,77275.0,-5.812086842381793,-5.729822200518585,Optimal (tolerance reached),14374,0,0,12,5
3,7,77389.0,-5.812086842381793,-5.729822200518585,Optimal (tolerance reached),14400,3,0,18,3
3,7,77423.0,-5.811161934554311,-5.729822200518585,Optimal (tolerance reached),14408,0,0,7,3
3,7,77512.0,-5.811161934554311,-5.729822200518585,Optimal (tolerance reached),14428,3,0,20,5
3,7,77553.0,-5.810999094541464,-5.729822200518585,Optimal (tolerance reached),14435,5,0,12,10
3,7,77649.0,-5.810999094541464,-5.729822200518585,Optimal (tolerance reached),14456,3,0,13,6
3,7,77700.0,-5.810599840044619,-5.729822200518585,Optimal (tolerance reached),14468,5,0,10,4
3,7,77805.0,-5.810599840044619,-5.729822200518585,Optimal (tolerance reached),14492,3,0,16,3
3,7,77863.0,-5.809551748612035,-5.729822200518585,Optimal (tolerance reached),14505,5,0,13,2
3,7,77896.0,-5.809551748612035,-5.729822200518585,Optimal (tolerance reached),14511,0,0,7,3
3,7,77973.0,-5.809335561854529,-5.729822200518585,Optimal (tolerance reached),14528,0,0,8,3
3,7,78015.0,-5.809335561854529,-5.729822200518585,Optimal (tolerance reached),14537,0,0,10,4
3,7,78107.0,-5.809231310148716,-5.729822200518585,Optimal (tolerance reached),14557,3,0,12,5
3,7,78200.0,-5.809231310148716,-5.729822200518585,Optimal (tolerance reached),14577,3,0,13,2
3,7,78230.0,-5.80873882376046,-5.729822200518585,Optimal (tolerance reached),14583,0,0,12,7
3,7,78331.0,-5.80873882376046,-5.729822200518585,Optimal (tolerance reached),14606,3,0,13,3
3,7,78375.0,-5.808345022193657,-5.729822200518585,Optimal (tolerance reached),14615,5,0,14,4
3,7,78479.0,-5.808345022193657,-5.729822200518585,Optimal (tolerance reached),14638,3,0,10,1
3,7,78530.0,-5.80768205458008,-5.729822200518585,Optimal (tolerance reached),14648,3,0,16,3
3,7,78623.0,-5.80768205458008,-5.729822200518585,Optimal (tolerance reached),14669,2,0,8,1
3,7,78656.0,-5.807604580841958,-5.729822200518585,Optimal (tolerance reached),14676,0,0,10,5
3,7,78752.0,-5.807604580841958,-5.729822200518585,Optimal (tolerance reached),14698,3,0,11,4
3,7,78795.0,-5.807220837525646,-5.729822200518585,Optimal (tolerance reached),14707,0,0,12,5
3,7,78839.0,-5.807220837525646,-5.729822200518585,Optimal (tolerance reached),14716,0,0,9,1
3,7,78922.0,-5.806730583126348,-5.729822200518585,Optimal (tolerance reached),14734,3,0,20,2
3,7,79019.0,-5.806730583126348,-5.729822200518585,Optimal (tolerance reached),14754,3,0,4,0
3,7,79064.0,-5.806171311000492,-5.729822200518585,Optimal (tolerance reached),14765,5,0,8,6
3,7,79183.0,-5.806171311000492,-5.729822200518585,Optimal (tolerance reached),14791,4,0,8,2
3,7,79222.0,-5.805581305818822,-5.729822200518585,Optimal (tolerance reached),14799,3,0,14,5
3,7,79265.0,-5.805581305818822,-5.729822200518585,Optimal (tolerance reached),14808,2,0,11,3
3,7,79368.0,-5.805436527085207,-5.729822200518585,Optimal (tolerance reached),14832,3,0,17,4
3,7,79480.0,-5.805436527085207,-5.729822200518585,Optimal (tolerance reached),14857,3,0,23,13
3,7,79546.0,-5.8044497272022015,-5.729822200518585,Optimal (tolerance reached),14872,5,0,12,4
3,7,79651.0,-5.8044497272022015,-5.729822200518585,Optimal (tolerance reached),14896,4,0,6,10
3,7,79703.0,-5.803761970630725,-5.729822200518585,Optimal (tolerance reached),14909,5,0,8,0
3,7,79792.0,-5.803761970630725,-5.729822200518585,Optimal (tolerance reached),14928,4,0,6,4
3,7,79853.0,-5.803603393433685,-5.729822200518585,Optimal (tolerance reached),14941,5,0,13,3
3,7,79928.0,-5.803603393433685,-5.729822200518585,Optimal (tolerance reached),14958,1,0,12,2
3,7,79963.0,-5.803452989579938,-5.729822200518585,Optimal (tolerance reached),14966,3,0,8,1
3,7,80007.0,-5.803452989579938,-5.729822200518585,Optimal (tolerance reached),14976,5,0,16,3
3,7,80086.0,-5.803256807636017,-5.729822200518585,Optimal (tolerance reached),14995,3,0,14,3
3,7,80126.0,-5.803256807636017,-5.729822200518585,Optimal (tolerance reached),15004,3,0,7,4
3,7,80192.0,-5.802964831271016,-5.729822200518585,Optimal (tolerance reached),15019,3,0,16,2
3,7,80275.0,-5.802964831271016,-5.729822200518585,Optimal (tolerance reached),15039,2,0,18,1
3,7,80311.0,-5.802471322381412,-5.729822200518585,Optimal (tolerance reached),15047,4,0,10,10
3,7,80399.0,-5.802471322381412,-5.729822200518585,Optimal (tolerance reached),15066,2,0,17,5
3,7,80440.0,-5.802467150836738,-5.729822200518585,Optimal (tolerance reached),15076,4,0,12,5
3,7,80470.0,-5.802467150836738,-5.729822200518585,Optimal (tolerance reached),15082,0,0,11,6
3,7,80551.0,-5.801906711343243,-5.729822200518585,Optimal (tolerance reached),15101,3,0,15,3
3,7,80638.0,-5.801906711343243,-5.729822200518585,Optimal (tolerance reached),15123,4,0,9,0
3,7,80692.0,-5.801805749938902,-5.729822200518585,Optimal (tolerance reached),15135,5,0,13,3
3,7,80719.0,-5.801805749938902,-5.729822200518585,Optimal (tolerance reached),15141,1,0,9,11
3,7,80791.0,-5.801730822611179,-5.729822200518585,Optimal (tolerance reached),15158,3,0,13,3
3,7,80868.0,-5.801730822611179,-5.729822200518585,Optimal (tolerance reached),15176,4,0,24,3
3,7,80922.0,-5.801673108833236,-5.729822200518585,Optimal (tolerance reached),15189,5,0,13,2
3,7,81012.0,-5.801673108833236,-5.729822200518585,Optimal (tolerance reached),15209,2,0,14,3
3,7,81050.0,-5.801149061781267,-5.729822200518585,Optimal (tolerance reached),15218,4,0,10,2
3,7,81120.0,-5.801149061781267,-5.729822200518585,Optimal (tolerance reached),15235,2,0,12,4
3,7,81149.0,-5.800162332389951,-5.729822200518585,Optimal (tolerance reached),15242,0,0,6,3
3,7,81179.0,-5.800162332389951,-5.729822200518585,Optimal (tolerance reached),15249,2,0,8,5
3,7,81235.0,-5.799728871259121,-5.729822200518585,Optimal (tolerance reached),15262,0,0,3,2
3,7,81319.0,-5.799728871259121,-5.729822200518585,Optimal (tolerance reached),15282,1,0,17,1
3,7,81359.0,-5.799631741959349,-5.729822200518585,Optimal (tolerance reached),15291,0,0,12,6
3,7,81452.0,-5.799631741959349,-5.729822200518585,Optimal (tolerance reached),15313,3,0,23,4
3,7,81510.0,-5.799410455440727,-5.729822200518585,Optimal (tolerance reached),15326,5,0,18,6
3,7,81608.0,-5.799410455440727,-5.729822200518585,Optimal (tolerance reached),15348,2,0,11,2
3,7,81637.0,-5.799158298659907,-5.729822200518585,Optimal (tolerance reached),15354,0,0,9,7
3,7,81733.0,-5.799158298659907,-5.729822200518585,Optimal (tolerance reached),15377,5,0,12,3
3,7,81783.0,-5.798613603310421,-5.729822200518585,Optimal (tolerance reached),15389,5,0,11,5
3,7,81853.0,-5.798613603310421,-5.729822200605727,Optimal (tolerance reached),15404,2,0,15,3
3,7,81879.0,-5.79850595906838,-5.729822200605727,Optimal (tolerance reached),15410,0,0,4,0
3,7,81968.0,-5.79850595906838,-5.729822200605727,Optimal (tolerance reached),15432,5,0,22,6
3,7,82028.0,-5.798428599463319,-5.729822200605727,Optimal (tolerance reached),15446,5,0,14,6
3,7,82115.0,-5.798428599463319,-5.729822200605727,Optimal (tolerance reached),15467,2,0,9,2
3,7,82142.0,-5.798408083523416,-5.729822200605727,Optimal (tolerance reached),15473,0,0,10,3
3,7,82223.0,-5.798408083523416,-5.729822200605727,Optimal (tolerance reached),15492,1,0,11,1
3,7,82256.0,-5.797346993545009,-5.729822200605727,Optimal (tolerance reached),15499,0,0,11,5
3,7,82345.0,-5.797346993545009,-5.729822200605727,Optimal (tolerance reached),15521,5,0,21,6
3,7,82386.0,-5.797334494412754,-5.729822200605727,Optimal (tolerance reached),15531,3,0,11,4
3,7,82480.0,-5.797334494412754,-5.729822200605727,Optimal (tolerance reached),15553,5,0,22,6
3,7,82524.0,-5.797089432114878,-5.729822200605727,Optimal (tolerance reached),15564,5,0,11,4
3,7,82596.0,-5.797089432114878,-5.729822200605727,Optimal (tolerance reached),15581,1,0,4,4
3,7,82628.0,-5.795732516065496,-5.729822200605727,Optimal (tolerance reached),15589,2,0,7,2
3,7,82711.0,-5.795732516065496,-5.729822200605727,Optimal (tolerance reached),15609,5,0,24,6
3,7,82758.0,-5.79549492741934,-5.729822200605727,Optimal (tolerance reached),15620,0,0,10,3
3,7,82858.0,-5.79549492741934,-5.729822200605727,Optimal (tolerance reached),15646,5,0,23,2
3,7,82901.0,-5.7953301823331245,-5.729822200605727,Optimal (tolerance reached),15656,0,0,11,9
3,7,82987.0,-5.7953301823331245,-5.729822200605727,Optimal (tolerance reached),15677,5,0,23,5
3,7,83031.0,-5.794930089338833,-5.729822200605727,Optimal (tolerance reached),15687,2,0,11,6
3,7,83103.0,-5.794930089338833,-5.729822200605727,Optimal (tolerance reached),15704,5,0,23,4
3,7,83152.0,-5.794649732445113,-5.729822200605727,Optimal (tolerance reached),15717,5,0,12,2
3,7,83238.0,-5.794649732445113,-5.729822200605727,Optimal (tolerance reached),15738,5,0,22,7
3,7,83288.0,-5.794195051922017,-5.729822200605727,Optimal (tolerance reached),15750,5,0,15,4
3,7,83329.0,-5.794195051922017,-5.729822200605727,Optimal (tolerance reached),15759,0,0,10,3
3,7,83416.0,-5.79411683306119,-5.729822200605727,Optimal (tolerance reached),15781,2,0,13,3
3,7,83487.0,-5.79411683306119,-5.729822200605727,Optimal (tolerance reached),15799,3,0,9,0
3,7,83520.0,-5.7938218023376304,-5.729822200605727,Optimal (tolerance reached),15806,0,0,11,7
3,7,83561.0,-5.7938218023376304,-5.729822200605727,Optimal (tolerance reached),15816,4,0,11,5
3,7,83656.0,-5.792922883982591,-5.729822200605727,Optimal (tolerance reached),15839,3,0,11,2
3,7,83729.0,-5.792922883982591,-5.729822200605727,Optimal (tolerance reached),15856,5,0,25,6
3,7,83765.0,-5.792741630151944,-5.729822200605727,Optimal (tolerance reached),15865,3,0,10,5
3,7,83792.0,-5.792741630151944,-5.729822200605727,Optimal (tolerance reached),15872,0,0,6,2
3,7,83864.0,-5.7923071278929585,-5.729822200605727,Optimal (tolerance reached),15889,2,0,14,3
3,7,83907.0,-5.7923071278929585,-5.729822200605727,Optimal (tolerance reached),15898,0,0,9,8
3,7,83992.0,-5.791561764133153,-5.729822200605727,Optimal (tolerance reached),15920,2,0,12,2
3,7,84076.0,-5.791561764133153,-5.729822200605727,Optimal (tolerance reached),15942,3,0,7,4
3,7,84116.0,-5.791490012396532,-5.729822200605727,Optimal (tolerance reached),15951,1,0,14,8
3,7,84190.0,-5.791490012396532,-5.729822200605727,Optimal (tolerance reached),15967,2,0,6,3
3,7,84223.0,-5.791118834733358,-5.729822200605727,Optimal (tolerance reached),15976,0,0,6,1
3,7,84310.0,-5.791118834733358,-5.729822200605727,Optimal (tolerance reached),15997,5,0,25,5
3,7,84351.0,-5.790251133370519,-5.729822200605727,Optimal (tolerance reached),16007,0,0,12,2
3,7,84432.0,-5.790251133370519,-5.729822200605727,Optimal (tolerance reached),16027,4,0,23,5
3,7,84485.0,-5.789612998870291,-5.729822200605727,Optimal (tolerance reached),16039,5,0,15,4
3,7,84554.0,-5.789612998870291,-5.729822200605727,Optimal (tolerance reached),16055,2,0,8,8
3,7,84581.0,-5.789236914119239,-5.729822200605727,Optimal (tolerance reached),16062,0,0,6,3
3,7,84631.0,-5.789236914119239,-5.729822200605727,Optimal (tolerance reached),16074,2,0,12,8
3,7,84656.0,-5.78867027196228,-5.729822200605727,Optimal (tolerance reached),16080,0,0,7,0
3,7,84747.0,-5.78867027196228,-5.729822200605727,Optimal (tolerance reached),16102,5,0,22,4
3,7,84799.0,-5.787791845537027,-5.729822200605727,Optimal (tolerance reached),16114,5,0,13,4
3,7,84870.0,-5.787791845537027,-5.729822200605727,Optimal (tolerance reached),16131,2,0,5,2
3,7,84896.0,-5.787755403072467,-5.729822200605727,Optimal (tolerance reached),16137,0,0,6,2
3,7,84977.0,-5.787755403072467,-5.729822200605727,Optimal (tolerance reached),16157,5,0,21,5
3,7,85031.0,-5.787510926888623,-5.729822200605727,Optimal (tolerance reached),16170,5,0,17,3
3,7,85096.0,-5.787510926888623,-5.729822200605727,Optimal (tolerance reached),16184,2,0,3,3
3,7,85127.0,-5.786833759803178,-5.729822200605727,Optimal (tolerance reached),16192,2,0,7,5
